date,ticker,close_1245,morning_high,morning_low,vwap,prev_close,day_return,afternoon_return,recent_return,raw_rs,RS,score,long_rs_ok,long_breakout,long_candidate,short_rs_ok,short_breakdown,short_candidate,selected_side,entry_1250,post_1250_high,post_1250_low,close_1545,long_tp_hit,long_sl_hit,short_tp_hit,short_sl_hit,hypothetical_result,long_return_1250_1545,short_return_1250_1545,breakout_pct
2026-08-21,1332.T,1299.0,1303.0,1288.5,1296.7480567759378,1302.0,-0.0023041474654378,0.0069767441860464,0.0007704160246533,0.0152046783625729,52.55474452554745,68.75912408759123,False,False,False,False,False,False,,1299.5,1302.0,1295.0,1301.0,False,False,False,False,,0.0011542901115813,-0.0011529592621061,
2026-08-21,1605.T,3918.0,3933.0,3880.0,3916.6100574086186,3869.0,0.0126647712587231,-0.000255167134473,-0.0020376974019358,0.0702627939142461,72.26277372262774,62.73722627737226,True,False,False,False,False,False,,3918.0,3949.0,3915.0,3949.0,False,False,False,False,,0.0079122001020928,-0.0078500886300328,
2026-08-21,1801.T,12290.0,12455.0,12300.0,12340.987804878048,12555.0,-0.0211071286340103,-0.0016246953696181,-0.0012190166598943,-0.0788701393983859,21.897810218978105,23.138686131386866,False,False,False,True,True,True,,12285.0,12345.0,12275.0,12315.0,False,False,False,False,,0.0024420024420024,-0.0024360535931789,
2026-08-21,1802.T,2928.0,2959.5,2932.0,2943.434330628804,2977.0,-0.0164595230097414,-0.002724795640327,-0.002724795640327,-0.0870898497393437,18.248175182481752,17.992700729927005,False,False,False,True,True,True,SHORT,2928.5,2938.5,2927.5,2938.0,False,False,False,False,HOLD,0.0032439815605258,-0.0032334921715452,
2026-08-21,1803.T,2319.0,2334.5,2306.5,2323.348785494355,2342.0,-0.0098206660973526,-0.0012919896640827,-0.0030094582975064,-0.0531635334546189,24.08759124087592,28.248175182481752,False,False,False,True,False,False,,2319.5,2336.5,2319.5,2334.0,False,False,False,False,,0.0062513472731191,-0.0062125107112254,
2026-08-21,1925.T,4659.0,4701.0,4654.0,4678.055065647658,4651.0,0.001720060202107,-0.0002145922746781,0.0,0.0099891422366993,48.17518248175183,55.03649635036496,False,False,False,False,False,False,,4659.0,4685.0,4657.0,4682.0,False,False,False,False,,0.00493668169135,-0.0049124305852199,
2026-08-21,1928.T,3450.0,3475.0,3448.0,3459.2369729331613,3437.0,0.0037823683444864,0.0,-0.0002897710808461,-0.0255174369152254,35.03649635036496,54.08759124087592,False,False,False,False,False,False,,3450.0,3464.0,3445.0,3464.0,False,False,False,False,,0.0040579710144927,-0.004041570438799,
2026-08-21,1963.T,2218.5,2244.5,2214.5,2226.244988207547,2271.5,-0.023332599603786,-0.0020242914979756,-0.0004505519261094,-0.0076452599388379,42.33576642335766,29.635036496350367,False,False,False,False,False,False,,2218.0,2228.5,2216.0,2222.0,False,False,False,False,,0.0018034265103696,-0.0018001800180017,
2026-08-21,2002.T,2047.5,2064.0,2037.0,2052.026915113872,2043.5,0.0019574259848298,0.0046614327772325,0.0017123287671232,0.0012248897599216,44.52554744525548,69.16058394160584,False,False,False,False,False,False,,2047.5,2053.5,2042.0,2053.0,False,False,False,False,,0.0026862026862026,-0.0026790063321967,
2026-08-21,2267.T,2945.0,2956.0,2927.0,2939.5868187579213,2931.0,0.004776526782668,0.0040913740197749,-0.000678656260604,0.0560259412718429,68.61313868613139,74.05109489051095,False,False,False,False,False,False,,2945.0,2972.0,2932.5,2972.0,False,False,False,False,,0.0091680814940577,-0.0090847913862718,
2026-08-21,2413.T,1706.5,1726.5,1701.5,1709.701997639919,1750.5,-0.0251356755212796,0.0014671361502347,-0.0023384975153464,-0.0481239804241435,25.547445255474454,28.79562043795621,False,False,False,True,False,False,,1706.0,1710.5,1691.0,1708.0,False,False,False,False,,0.0011723329425556,-0.0011709601873536,
2026-08-21,2502.T,1677.0,1684.0,1663.5,1675.9200732685931,1671.5,0.003290457672749,0.0020914251568568,0.0,0.0257747775391223,56.20437956204379,66.8978102189781,False,False,False,False,False,False,,1677.5,1680.0,1671.5,1678.0,False,False,False,False,,0.0002980625931445,-0.0002979737783075,
2026-08-21,2503.T,3039.0,3055.0,3021.0,3035.775078643831,3032.0,0.0023087071240106,0.0029702970297029,-0.000328947368421,0.0433585684790089,64.23357664233576,69.01459854014598,False,False,False,False,False,False,,3039.0,3050.0,3031.0,3046.0,False,False,False,False,,0.002303389272787,-0.0022980958634274,
2026-08-21,2801.T,1843.5,1861.5,1834.0,1850.0820199275363,1838.0,0.0029923830250271,0.0019021739130433,0.0016299918500406,0.1349181846248841,88.32116788321169,78.39416058394161,True,False,False,False,False,False,,1844.0,1844.5,1824.0,1840.0,False,False,False,False,,-0.002169197396963,0.0021739130434783,
2026-08-21,2914.T,6965.0,6972.0,6895.0,6954.594308519868,6870.0,0.0138282387190684,0.0007183908045977,-0.0001435544071203,0.063796841127284,70.07299270072993,71.75182481751824,True,False,False,False,False,False,,6966.0,6975.0,6934.0,6974.0,False,False,False,False,,0.0011484352569623,-0.0011471178663607,
2026-08-21,3086.T,3006.0,3032.0,2970.0,3007.461413296141,2979.5,0.0088941097499579,0.002,0.0003327787021629,-0.0438061617458279,27.00729927007299,61.824817518248175,False,False,False,True,False,False,,3005.0,3035.0,2998.5,3035.0,False,False,False,False,,0.0099833610648918,-0.0098846787479407,
2026-08-21,3092.T,1131.0,1137.5,1129.0,1133.1574471467177,1126.0,0.0044404973357015,0.0008849557522123,-0.0008833922261484,-0.0079295154185021,41.6058394160584,57.2992700729927,False,False,False,False,False,False,,1131.0,1134.5,1129.5,1134.5,False,False,False,False,,0.0030946065428822,-0.0030850594975759,
2026-08-21,3099.T,3482.0,3528.0,3483.0,3499.047554871005,3531.0,-0.0138770886434438,-0.0017201834862384,-0.0022922636103152,-0.0821419287756693,21.16788321167883,24.014598540145982,False,False,False,True,True,True,,3482.0,3495.0,3458.0,3464.0,False,False,False,False,,-0.0051694428489373,0.0051963048498844,
2026-08-21,3382.T,2036.5,2051.0,2014.5,2034.7647382385296,2032.5,0.0019680196801967,0.00024557956778,0.0004912797838367,-0.0284416826003823,32.846715328467155,53.43065693430657,False,False,False,False,False,False,,2036.5,2043.5,2031.5,2037.5,False,False,False,False,,0.0004910385465259,-0.0004907975460122,
2026-08-21,3401.T,1738.0,1754.0,1731.5,1741.4811557788944,1735.5,0.0014405070584846,-0.0002876042565429,-0.0002876042565429,0.0146156094709148,51.09489051094891,53.86861313868613,False,False,False,False,False,False,,1738.0,1750.0,1736.0,1745.5,False,False,False,False,,0.0043153049482163,-0.0042967631051274,
2026-08-21,3402.T,1290.5,1296.5,1286.5,1291.4507708252363,1301.0,-0.0080707148347425,-0.0015473887814313,-0.0003872966692486,0.1124412141941,83.94160583941606,54.48905109489051,True,False,False,False,False,False,,1290.5,1306.0,1290.0,1303.0,False,False,False,False,,0.0096861681518791,-0.0095932463545663,
2026-08-21,3407.T,1637.0,1637.5,1620.0,1633.524006824275,1634.0,0.0018359853121174,0.0,-0.0012202562538132,-0.1200861604738826,9.48905109489051,40.18248175182482,False,False,False,True,False,False,,1637.0,1644.0,1632.5,1636.5,False,False,False,False,,-0.0003054367745876,0.0003055300947143,
2026-08-21,3436.T,3386.0,3374.0,3256.0,3323.0178574362176,3456.0,-0.0202546296296296,0.0137724550898203,-0.0002952465308532,-0.0869220607661822,18.97810218978102,42.992700729927,False,True,False,True,False,False,,3385.0,3410.0,3357.0,3392.0,False,False,False,False,,0.0020679468242246,-0.002063679245283,
2026-08-21,3659.T,3066.0,3167.0,3061.0,3105.128098918084,3048.0,0.0059055118110236,-0.0026024723487313,-0.0013029315960911,0.3674293405114401,98.54014598540148,64.92700729927007,True,False,False,False,False,False,,3065.0,3105.0,3059.0,3099.0,False,False,False,False,,0.0110929853181076,-0.0109712810584059,
2026-08-21,3861.T,864.2999877929688,873.5,861.4000244140625,868.5681243079049,861.4000244140625,0.0033665698824176,-0.0019630625947243,-0.0012711307950777,0.0040797294561105,45.25547445255474,47.992700729927,False,False,False,False,False,False,,864.2999877929688,866.9000244140625,862.5,865.4000244140625,False,False,False,False,,0.0012727486250494,-0.0012711307950777,
2026-08-21,4004.T,16115.0,16200.0,15855.0,16054.61763730799,15945.0,0.0106616494198807,0.0009316770186336,0.000620925178516,0.0455737704918033,64.96350364963503,71.45985401459853,False,False,False,False,False,False,,16115.0,16255.0,16005.0,16085.0,False,False,False,False,,-0.0018616196090598,0.0018650917003419,
2026-08-21,4005.T,549.2999877929688,547.7000122070312,526.7999877929688,544.2584518278536,522.2999877929688,0.0516944296975598,0.0023722404981181,0.0016410710044512,-0.0468978324945825,26.277372262773724,69.85401459854015,False,True,False,True,False,False,,549.2999877929688,560.7999877929688,548.4000244140625,559.9000244140625,True,False,False,True,,0.0192973545542638,-0.0189320167152818,
2026-08-21,4021.T,7926.0,8162.0,7822.0,7939.482673267326,8162.0,-0.0289144817446703,-0.0047714716223004,-0.0020146058927222,0.0355239786856127,59.85401459854016,25.51094890510949,False,False,False,False,False,False,,7923.0,7971.0,7915.0,7955.0,False,False,False,False,,0.0040388741638268,-0.0040226272784412,
2026-08-21,4042.T,2641.5,2652.5,2632.0,2642.2151360544217,2658.0,-0.0062076749435665,-0.0001892505677516,-0.0009455370650529,-0.0544290288153681,23.35766423357664,38.43065693430657,False,False,False,True,False,False,,2641.5,2653.0,2638.0,2646.5,False,False,False,False,,0.0018928639030852,-0.0018892877385225,
2026-08-21,4061.T,3334.0,3338.0,3295.0,3322.6585741811177,3380.0,-0.0136094674556213,-0.0017964071856287,-0.002393776181927,-0.0923737916219119,16.78832116788321,22.62773722627737,False,False,False,True,False,False,,3333.0,3370.0,3331.0,3364.0,False,False,False,False,,0.0093009300930093,-0.0092152199762187,
2026-08-21,4062.T,19305.0,19670.0,18905.0,19292.100814752528,19150.0,0.0080939947780678,-0.0112676056338028,-0.0025833118057349,0.0493150684931507,66.42335766423358,47.73722627737226,False,False,False,False,False,False,,19305.0,19345.0,19080.0,19165.0,False,False,False,False,,-0.0072520072520072,0.0073049830420035,
2026-08-21,4183.T,2136.0,2135.5,2092.5,2123.813058883077,2113.0,0.0108849976336962,0.0035236081747709,0.0016412661195779,-0.0406356413166856,29.92700729927008,69.74452554744526,False,True,False,True,False,False,,2135.5,2149.0,2133.0,2144.5,False,False,False,False,,0.0042144696792321,-0.0041967824667754,
2026-08-21,4188.T,1141.0,1152.5,1130.5,1141.9665730134716,1144.0,-0.0026223776223776,0.000877192982456,0.0017559262510975,-0.0430782099539941,27.73722627737226,52.73722627737226,False,False,False,True,False,False,,1140.5,1153.5,1140.0,1147.0,False,False,False,False,,0.0056992547128451,-0.0056669572798605,
2026-08-21,4208.T,3533.0,3551.0,3508.0,3536.875144064541,3532.0,0.0002831257078141,-0.0028224668360147,-0.0014132278123233,0.0897871027460659,75.91240875912408,51.45985401459853,True,False,False,False,False,False,,3534.0,3567.0,3532.0,3562.0,False,False,False,False,,0.0079230333899265,-0.0078607523862997,
2026-08-21,4307.T,5002.0,5090.0,4985.0,5029.827851017535,5075.0,-0.0143842364532019,0.0022039671408535,-0.0017960486928756,0.0188717125075286,54.01459854014598,45.91240875912409,False,False,False,False,False,False,,5003.0,5005.0,4982.0,5004.0,False,False,False,False,,0.0001998800719569,-0.0001998401278976,
2026-08-21,4324.T,3525.0,3609.0,3521.0,3567.8595414917663,3582.0,-0.0159128978224455,-0.003392705682782,-0.0039559197513422,0.0641711229946524,70.8029197080292,32.08029197080292,True,False,False,False,False,False,,3524.0,3535.0,3515.0,3523.0,False,False,False,False,,-0.0002837684449489,0.000283848992336,
2026-08-21,4385.T,4760.0,4824.0,4730.0,4772.899190938511,4795.0,-0.0072992700729926,-0.0035587188612099,-0.0025146689019278,0.0855784469096672,74.45255474452554,42.29927007299269,True,False,False,False,False,False,,4760.0,4770.0,4712.0,4731.0,False,False,False,False,,-0.0060924369747898,0.0061297822870429,
2026-08-21,4452.T,3554.0,3583.0,3546.0,3563.257678676905,3553.0,0.0002814522938361,0.000563063063063,-0.00028129395218,0.1,80.2919708029197,65.0,True,False,False,False,False,False,,3554.0,3567.0,3551.0,3567.0,False,False,False,False,,0.0036578503095103,-0.0036445192038127,
2026-08-21,4502.T,5743.0,5796.0,5736.0,5766.397922312556,5825.0,-0.014077253218884,-0.0006960153123368,-0.00225851285615,0.049171469740634,65.69343065693431,39.52554744525548,False,False,False,False,False,False,,5743.0,5767.0,5741.0,5751.0,False,False,False,False,,0.0013930001741249,-0.0013910624239262,
2026-08-21,4503.T,2385.0,2418.0,2373.0,2388.405374471261,2418.0,-0.0136476426799007,-0.0016743407283381,-0.0012562814070351,0.1114686279016317,83.21167883211679,45.94890510948905,True,False,False,False,False,False,,2385.5,2392.0,2374.5,2380.5,False,False,False,False,,-0.0020959966464053,0.0021003990758243,
2026-08-21,4506.T,1415.0,1424.0,1400.0,1412.309229828851,1465.0,-0.0341296928327644,-0.0014114326040931,0.0007072135785006,0.1391912908242611,89.05109489051095,47.116788321167874,True,False,False,False,False,False,,1415.0,1416.5,1403.0,1408.0,False,False,False,False,,-0.004946996466431,0.0049715909090908,
2026-08-21,4507.T,2924.0,2948.0,2912.0,2929.940649982621,2932.5,-0.0028985507246376,0.0022279348757496,0.0005132591958938,0.019645340751043,55.47445255474452,62.2992700729927,False,False,False,False,False,False,,2924.5,2934.0,2921.0,2930.0,False,False,False,False,,0.0018806633612582,-0.001877133105802,
2026-08-21,4519.T,7009.0,7080.0,6996.0,7026.919161676647,7101.0,-0.0129559217011688,-0.0017091582395669,-0.0002852660105548,-0.028059129482617,33.57664233576642,35.14598540145985,False,False,False,False,False,False,,7010.0,7057.0,7005.0,7045.0,False,False,False,False,,0.0049928673323822,-0.0049680624556422,
2026-08-21,4523.T,4891.0,4941.0,4875.0,4906.42333149476,4962.0,-0.0143087464731962,0.0006137479541734,0.0014332514332513,0.0905494505494506,76.64233576642336,55.76642335766424,True,False,False,False,False,False,,4890.0,4905.0,4886.0,4899.0,False,False,False,False,,0.001840490797546,-0.001837109614207,
2026-08-21,4543.T,2539.5,2571.0,2540.0,2554.661292458452,2576.5,-0.0143605666601979,-0.0031403336604514,-0.0005903187721369,0.1716689404274669,91.97080291970804,47.04379562043796,True,False,False,False,True,False,,2539.5,2570.0,2539.5,2568.5,False,False,False,False,,0.01141957078165,-0.0112906365583025,
2026-08-21,4568.T,2825.5,2843.0,2795.0,2821.9010774045987,2867.5,-0.0146469049694856,0.0017727353306151,-0.0003537944454271,0.0383849357233387,61.31386861313869,50.693430656934304,False,False,False,False,False,False,,2826.0,2837.5,2825.0,2828.0,False,False,False,False,,0.0007077140835103,-0.0007072135785006,
2026-08-21,4578.T,12355.0,12485.0,12295.0,12382.899086559371,12600.0,-0.0194444444444444,-0.0016161616161616,0.0008100445524503,0.1485870556061987,89.78102189781022,50.25547445255474,True,False,False,False,False,False,,12355.0,12360.0,12205.0,12225.0,False,False,False,False,,-0.0105220558478348,0.0106339468302658,
2026-08-21,4661.T,3011.0,3053.0,3001.0,3028.583659302518,2975.0,0.0121008403361344,-0.0029801324503311,0.0,0.1127735178604825,84.67153284671532,66.71532846715328,True,False,False,False,False,False,,3011.0,3015.0,2987.5,2998.5,False,False,False,False,,-0.0041514447027565,0.0041687510421877,
2026-08-21,4689.T,523.7999877929688,529.9000244140625,519.2999877929688,526.0085904728751,517.5,0.012173889455012,-0.0072024032767412,-0.0022857375372024,0.1692272771432512,91.24087591240875,58.54014598540146,True,False,False,False,False,False,,523.7999877929688,526.7999877929688,520.7000122070312,524.2999877929688,False,False,False,False,,0.0009545628324787,-0.0009536525112364,
2026-08-21,4704.T,5446.0,5553.0,5423.0,5471.111613632693,5708.0,-0.0459004905395935,0.0,-0.0036589828027808,-0.0966925146383921,15.328467153284672,17.2992700729927,False,False,False,True,False,False,,5446.0,5467.0,5421.0,5465.0,False,False,False,False,,0.0034887991186192,-0.0034766697163769,
2026-08-21,4751.T,1313.5,1332.5,1311.5,1319.8928919498408,1340.5,-0.0201417381574039,-0.0022787694644891,-0.0034142640364188,-0.0506373937677053,24.817518248175183,18.39416058394161,False,False,False,True,False,False,,1313.5,1314.0,1300.0,1304.0,False,False,False,False,,-0.0072325846973734,0.0072852760736197,
2026-08-21,4755.T,771.4000244140625,779.7000122070312,772.4000244140625,774.8715768985551,780.5999755859375,-0.0117857436069854,-0.0047735147573421,-0.0019407425962202,-0.0122738357039837,40.87591240875913,28.72262773722628,False,False,False,False,True,False,,771.5999755859375,780.5999755859375,769.5,778.5,False,False,False,False,,0.0089424891555014,-0.0088632298189627,
2026-08-21,4901.T,3191.0,3219.0,3189.0,3198.8353709469206,3220.0,-0.0090062111801242,0.0006271558482282,-0.0006263701847791,-0.121418826739427,8.75912408759124,35.47445255474453,False,False,False,True,False,False,,3191.0,3215.0,3189.0,3212.0,False,False,False,False,,0.0065810090880602,-0.0065379825653798,
2026-08-21,4911.T,3646.0,3694.0,3641.0,3666.0354709889593,3668.0,-0.0059978189749182,0.0,0.0016483516483516,0.2065789473684209,94.16058394160584,67.44525547445255,True,False,False,False,False,False,,3645.0,3680.0,3631.0,3680.0,False,False,False,False,,0.0096021947873798,-0.0095108695652174,
2026-08-21,5020.T,1326.5,1327.5,1301.5,1319.0626563803169,1303.0,0.0180353031465847,0.0056861258529188,0.0018882175226586,-0.0128787878787879,40.14598540145985,77.91970802919707,False,False,False,False,False,False,,1326.0,1332.0,1323.0,1332.0,False,False,False,False,,0.004524886877828,-0.0045045045045044,
2026-08-21,5101.T,7470.0,7520.0,7438.0,7467.00287047004,7562.0,-0.0121660936260248,0.0020120724346075,-0.0021373230029387,-0.0184319833852544,37.95620437956204,41.97080291970803,False,False,False,False,False,False,,7472.0,7515.0,7432.0,7467.0,False,False,False,False,,-0.000669164882227,0.0006696129637069,
2026-08-21,5108.T,4096.0,4117.0,4061.0,4095.040368950647,4089.0,0.0017119100024456,-0.0009756097560975,-0.0014627011214042,0.0849031573361633,73.72262773722628,55.21897810218978,True,False,False,False,False,False,,4097.0,4111.0,4092.0,4111.0,False,False,False,False,,0.0034171344886502,-0.0034054974458769,
2026-08-21,5201.T,5713.0,5765.0,5686.0,5706.335206397233,5765.0,-0.0090199479618386,0.0010513404590852,0.0,-0.0912673392181588,17.51824817518248,42.29927007299271,False,False,False,True,False,False,,5714.0,5759.0,5711.0,5752.0,False,False,False,False,,0.0066503325166258,-0.006606397774687,
2026-08-21,5214.T,4782.0,4788.0,4695.0,4741.931506849315,4850.0,-0.014020618556701,-0.0002090738030524,-0.001670146137787,-0.1518013291360616,5.109489051094891,24.56204379562044,False,False,False,True,False,False,,4780.0,4819.0,4760.0,4776.0,False,False,False,False,,-0.000836820083682,0.0008375209380233,
2026-08-21,5232.T,5545.0,5565.0,5485.0,5533.035653650255,5591.0,-0.0082275084957967,0.0048930772018846,0.0014448257178978,-0.0216972878390201,37.22627737226277,59.01459854014598,False,False,False,False,False,False,,5546.0,5559.0,5496.0,5523.0,False,False,False,False,,-0.0041471330688784,0.0041644034039471,
2026-08-21,5233.T,4173.0,4198.0,4105.0,4172.379746835443,4135.0,0.0091898428053205,0.0007194244604316,-0.0011967448539971,-0.0161789198191767,38.68613138686132,56.60583941605839,False,False,False,False,False,False,,4173.0,4186.0,4160.0,4174.0,False,False,False,False,,0.0002396357536544,-0.0002395783421178,
2026-08-21,5301.T,1682.5,1709.0,1687.0,1692.7904106337526,1709.0,-0.0155061439438267,-0.0041432376442734,-0.0005940005940006,0.036385688295937,60.58394160583942,35.729927007299274,False,False,False,False,True,False,,1683.0,1691.5,1673.0,1675.5,False,False,False,False,,-0.0044563279857398,0.0044762757385854,
2026-08-21,5332.T,6342.0,6350.0,6266.0,6321.914675767918,6363.0,-0.0033003300330033,-0.0006303183107468,0.0017374822302953,-0.1634236129371549,4.37956204379562,40.03649635036496,False,False,False,True,False,False,,6340.0,6392.0,6331.0,6377.0,False,False,False,False,,0.0058359621451105,-0.0058021013015524,
2026-08-21,5333.T,5476.0,5496.0,5409.0,5452.146360970408,5567.0,-0.0163463265672714,-0.0049064146829002,-0.0005475451724766,-0.1048400064319022,13.138686131386862,19.70802919708029,False,False,False,True,False,False,,5474.0,5499.0,5433.0,5460.0,False,False,False,False,,-0.0025575447570332,0.0025641025641025,
2026-08-21,5401.T,659.5,663.0,655.2000122070312,657.287383363753,663.0,-0.0052790346907993,0.0061022120518687,0.0019750649785157,0.1068447412353923,81.75182481751825,77.22627737226279,True,False,False,False,False,False,,659.4000244140625,661.0999755859375,657.2000122070312,657.7999877929688,False,False,False,False,,-0.0024265037334743,0.0024324059756555,
2026-08-21,5406.T,2017.5,2011.0,1997.5,2007.2444302991728,2009.5,0.0039810898233392,0.0047310756972112,0.0027335984095426,0.0125976316452507,48.9051094890511,74.48905109489053,False,True,False,False,False,False,,2018.0,2025.5,2015.0,2021.5,False,False,False,False,,0.0017343904856292,-0.0017313875834775,
2026-08-21,5411.T,1840.0,1849.0,1827.0,1839.645496085863,1847.5,-0.0040595399188092,0.0051898388418465,0.0021786492374726,0.0775736366287547,72.99270072992701,74.34306569343066,True,False,False,False,False,False,,1839.5,1850.0,1839.5,1845.5,False,False,False,False,,0.0032617559119325,-0.0032511514494716,
2026-08-21,5631.T,7377.0,7680.0,7293.0,7422.372532188841,7771.0,-0.0507013254407412,-0.0045877749291594,-0.0006773232186398,0.0351671773011854,58.3941605839416,28.175182481751825,False,False,False,False,False,False,,7374.0,7450.0,7346.0,7435.0,False,False,False,False,,0.0082723081095741,-0.0082044384667114,
2026-08-21,5706.T,28250.0,28445.0,27535.0,28021.570861081906,28570.0,-0.0112005600280014,-0.0052816901408451,-0.0019431195901784,-0.1497023809523809,5.839416058394161,17.40875912408759,False,False,False,True,False,False,,28235.0,28360.0,28105.0,28240.0,False,False,False,False,,0.0001770851779705,-0.0001770538243626,
2026-08-21,5711.T,5482.0,5560.0,5339.0,5449.6949199777055,5345.0,0.0256314312441534,0.0034779425224236,0.0064255553515697,0.2714081826831589,96.35036496350364,94.23357664233576,True,False,False,False,False,False,,5481.0,5573.0,5458.0,5563.0,False,False,False,True,,0.0149607735814631,-0.0147402480675894,
2026-08-21,5713.T,10665.0,10820.0,10355.0,10574.382377242682,10630.0,0.0032925682031985,0.013783269961977,0.0066068900424729,0.4133758808669059,99.27007299270072,92.007299270073,True,False,False,False,False,False,,10665.0,10825.0,10580.0,10715.0,False,False,False,True,,0.0046882325363337,-0.0046663555762949,
2026-08-21,5714.T,10035.0,10085.0,9789.0,9923.422420382163,9789.0,0.0251302482378179,0.0106757981669856,0.0053095572029653,0.1575026605179141,90.51094890510949,95.8029197080292,True,False,False,False,False,False,,10030.0,10170.0,9994.0,10110.0,False,False,False,False,,0.0079760717846459,-0.0079129574678535,
2026-08-21,5801.T,3853.0,3929.0,3784.0,3861.136025375137,3864.0,-0.0028467908902691,-0.012051282051282,-0.0010370754472387,0.0961702127659573,78.83211678832117,46.38686131386861,True,False,False,False,False,False,,3853.0,3855.0,3768.0,3820.0,False,True,True,False,,-0.0085647547365689,0.0086387434554973,
2026-08-21,5802.T,2185.0,2213.5,2141.0,2178.243101635075,2218.5,-0.0151002929907595,-0.01131221719457,-0.0050091074681238,-0.094859241126071,16.05839416058394,12.189781021897812,False,False,False,True,False,False,,2184.5,2199.0,2173.5,2183.5,False,False,False,False,,-0.0004577706569008,0.0004579803068467,
2026-08-21,5803.T,5327.0,5422.0,5210.0,5334.1595286354,5341.0,-0.0026212319790301,-0.0107706592386258,-0.0068978374347501,0.1241843822353188,86.86131386861314,43.75912408759124,True,False,False,False,False,False,,5326.0,5331.0,5175.0,5273.0,False,True,True,False,,-0.0099511828764551,0.010051204248056,
2026-08-21,5831.T,3426.0,3416.0,3372.0,3404.279293739968,3382.0,0.0130100532229449,0.0035149384885764,0.0020473822755191,0.0131815458358297,50.36496350364964,77.66423357664233,False,True,False,False,False,False,,3425.0,3462.0,3416.0,3444.0,False,False,False,False,,0.0055474452554744,-0.0055168408826945,
2026-08-21,6098.T,15835.0,16045.0,15870.0,15947.591396539116,16145.0,-0.0192009910188912,-0.0040880503144654,-0.0050267043669494,0.312068264932954,97.08029197080292,37.66423357664233,True,False,False,False,True,False,,15840.0,15915.0,15780.0,15910.0,False,False,False,False,,0.0044191919191918,-0.004399748585795,
2026-08-21,6103.T,4930.0,4970.0,4860.0,4912.345422116528,4980.0,-0.0100401606425702,-0.0080482897384306,-0.0020242914979756,0.01840490797546,53.28467153284672,31.2043795620438,False,False,False,False,False,False,,4925.0,4960.0,4910.0,4930.0,False,False,False,False,,0.001015228426396,-0.0010141987829614,
2026-08-21,6113.T,2599.5,2583.5,2535.0,2565.129985372989,2625.0,-0.0097142857142856,0.0059984520123839,0.0011554015020218,-0.0842490842490842,20.437956204379564,53.17518248175182,False,True,False,True,False,False,,2599.0,2606.0,2580.0,2600.0,False,False,False,False,,0.0003847633705271,-0.0003846153846154,
2026-08-21,6301.T,7042.0,7057.0,6998.0,7028.816347646146,7049.0,-0.0009930486593843,0.003133903133903,-0.0004258339247693,0.0933767643865364,77.37226277372264,69.85401459854015,True,False,False,False,False,False,,7042.0,7072.0,7033.0,7062.0,False,False,False,False,,0.0028401022436808,-0.0028320589068252,
2026-08-21,6302.T,5587.0,5621.0,5495.0,5569.253968253968,5683.0,-0.0168924863628365,-0.0046321040441831,-0.0033892258294684,0.0891146032962821,75.18248175182481,31.82481751824817,True,False,False,False,False,False,,5587.0,5637.0,5575.0,5623.0,False,False,False,False,,0.0064435296223375,-0.0064022763649297,
2026-08-21,6305.T,5629.0,5655.0,5504.0,5600.742487173223,5636.0,-0.0012420156139105,0.0024933214603739,-0.005125486037469,0.0646014355874575,71.53284671532847,58.97810218978103,True,False,False,False,False,False,,5629.0,5683.0,5623.0,5639.0,False,False,False,False,,0.001776514478593,-0.0017733640716438,
2026-08-21,6326.T,2695.5,2678.0,2643.5,2666.31776488838,2649.0,0.0175537938844847,0.0059712632953909,0.0,-0.0414329654423738,29.1970802919708,71.05839416058393,False,True,False,True,False,False,,2695.5,2712.5,2692.5,2707.5,False,False,False,False,,0.0044518642181412,-0.0044321329639889,
2026-08-21,6361.T,4936.0,4939.0,4816.0,4891.713307170889,5026.0,-0.0179068842021488,0.0004053506282934,0.0006081491992702,-0.1013767209011263,14.5985401459854,32.846715328467155,False,False,False,True,False,False,,4936.0,4946.0,4883.0,4919.0,False,False,False,False,,-0.0034440842787681,0.0034559869892254,
2026-08-21,6367.T,20655.0,20885.0,20755.0,20772.929265658742,20860.0,-0.0098274209012464,-0.004578313253012,-0.0007256894049346,-0.1394389438943895,6.569343065693431,23.32116788321168,False,False,False,True,True,True,,20650.0,20680.0,20560.0,20605.0,False,False,False,False,,-0.0021791767554479,0.0021839359378792,
2026-08-21,6471.T,1106.5,1106.5,1091.0,1100.5480601188397,1115.5,-0.008068130883012,0.0009045680687471,0.0013574660633484,-0.015880017644464,39.416058394160586,52.22627737226277,False,False,False,False,False,False,,1106.0,1114.0,1104.5,1113.5,False,False,False,False,,0.0067811934900543,-0.0067355186349349,
2026-08-21,6472.T,372.1000061035156,373.7999877929688,368.6000061035156,371.0897484152054,371.8999938964844,0.0005378118050922,0.0013455328089007,0.0002688336116012,-0.0340259898792613,31.38686131386861,55.255474452554736,False,False,False,False,False,False,,372.1000061035156,374.8999938964844,371.6000061035156,373.7000122070313,False,False,False,False,,0.0042999357088711,-0.0042815254248084,
2026-08-21,6473.T,2062.0,2078.5,2055.0,2065.833407275954,2089.0,-0.0129248444231689,-0.0007269202810757,-0.0036240637835225,0.0128484848484848,49.63503649635037,33.868613138686136,False,False,False,False,False,False,,2061.5,2082.0,2061.5,2068.0,False,False,False,False,,0.0031530439000728,-0.0031431334622823,
2026-08-21,6479.T,3342.0,3363.0,3321.0,3346.946027362872,3417.0,-0.0219490781387181,-0.0050610300684728,-0.0023880597014925,-0.1349367088607594,7.2992700729927,9.671532846715328,False,False,False,True,False,False,,3343.0,3372.0,3336.0,3360.0,False,False,False,False,,0.0050852527669758,-0.0050595238095237,
2026-08-21,6501.T,5227.0,5262.0,5186.0,5216.968728844451,5263.0,-0.0068402052061561,0.0003827751196172,-0.0005736137667303,0.0948616600790512,78.1021897810219,57.22627737226279,True,False,False,False,False,False,,5228.0,5229.0,5200.0,5208.0,False,False,False,False,,-0.0038255547054323,0.0038402457757296,
2026-08-21,6503.T,5596.0,5608.0,5527.0,5573.169378225608,5655.0,-0.0104332449160035,0.0039468963042699,0.0017901897601144,0.0046189376443417,45.98540145985402,59.30656934306569,False,False,False,False,False,False,,5595.0,5611.0,5558.0,5592.0,False,False,False,False,,-0.0005361930294905,0.0005364806866952,
2026-08-21,6504.T,13860.0,14040.0,13440.0,13690.70292160833,13635.0,0.0165016501650165,0.0028943560057888,0.007267441860465,0.0541167375338229,67.88321167883211,83.72262773722628,False,False,False,False,False,False,,13860.0,14050.0,13820.0,13900.0,False,False,False,False,,0.0028860028860029,-0.0028776978417266,
2026-08-21,6506.T,4979.0,4985.0,4886.0,4942.27532106029,5023.0,-0.0087597053553653,0.0,-0.0020044097013429,-0.0364473431805102,30.656934306569344,37.00729927007299,False,False,False,False,False,False,,4980.0,5017.0,4970.0,4995.0,False,False,False,False,,0.0030120481927711,-0.003003003003003,
2026-08-21,6526.T,1943.0,2043.0,1898.0,1951.0569699630023,1934.0,0.0046535677352637,0.0012883277505797,0.0046535677352637,-0.2221998793484818,1.45985401459854,55.0,False,False,False,True,False,False,,1943.0,2003.0,1935.0,1996.0,True,False,False,True,,0.0272774060730829,-0.0265531062124249,
2026-08-21,6594.T,2603.0,2622.0,2570.0,2594.929909305993,2619.0,-0.0061092019854906,0.001153846153846,-0.000767754318618,0.0560483870967742,69.34306569343066,57.68248175182482,False,False,False,False,False,False,,2603.0,2631.0,2600.0,2619.0,False,False,False,False,,0.006146753745678,-0.0061092019854906,
2026-08-21,6645.T,6271.0,6362.0,6236.0,6287.667430535663,6409.0,-0.0215322203151817,-0.0023862551702195,0.0001594896331738,0.1731649276954054,92.7007299270073,47.04379562043796,True,False,False,False,False,False,,6272.0,6328.0,6251.0,6300.0,False,False,False,False,,0.0044642857142858,-0.0044444444444444,
2026-08-21,6674.T,5234.0,5243.0,5115.0,5191.288839035334,5238.0,-0.0007636502481863,0.0059581010955218,-0.003047619047619,-0.1143050388907677,10.218978102189782,46.35036496350365,False,False,False,True,False,False,,5233.0,5278.0,5225.0,5246.0,False,False,False,False,,0.0024842346646283,-0.0024780785360274,
2026-08-21,6701.T,4691.0,4836.0,4702.0,4747.867016113376,4820.0,-0.0267634854771784,-0.0040339702760084,-0.0014899957428693,0.1075367647058822,82.48175182481752,35.0,True,False,False,False,True,False,,4691.0,4697.0,4641.0,4650.0,False,False,False,False,,-0.0087401406949477,0.0088172043010752,
2026-08-21,6702.T,3675.0,3731.0,3665.0,3689.375486243723,3743.0,-0.0181672455249799,-0.0008156606851549,-0.0013586956521739,0.1304741769858048,87.59124087591242,44.85401459854016,True,False,False,False,False,False,,3675.0,3680.0,3657.0,3664.0,False,False,False,False,,-0.0029931972789115,0.0030021834061135,
2026-08-21,6723.T,3436.0,3446.0,3374.0,3410.712291552268,3469.0,-0.0095128279042951,0.0023337222870478,-0.0008723466123873,-0.1691017964071856,3.64963503649635,38.35766423357664,False,False,False,True,False,False,,3436.0,3454.0,3418.0,3433.0,False,False,False,False,,-0.0008731082654248,0.0008738712496358,
2026-08-21,6724.T,3041.0,3063.0,3033.0,3045.863397548161,3059.0,-0.0058842759071592,0.0013170892327956,-0.0019691499835904,0.04153898535921,62.04379562043796,53.21167883211678,False,False,False,False,False,False,,3040.0,3057.0,3036.0,3050.0,False,False,False,False,,0.0032894736842106,-0.0032786885245901,
2026-08-21,6752.T,4317.0,4320.0,4224.0,4276.890357498932,4303.0,0.0032535440390424,0.0016241299303945,-0.0011568718186024,0.0507936507936508,67.15328467153284,64.74452554744525,False,False,False,False,False,False,,4317.0,4336.0,4289.0,4320.0,False,False,False,False,,0.0006949270326614,-0.0006944444444444,
2026-08-21,6758.T,3762.0,3770.0,3741.0,3759.131306280849,3777.0,-0.0039714058776807,-0.0018572565667285,-0.0005313496280552,0.0966898954703832,79.56204379562044,54.197080291970806,True,False,False,False,False,False,,3761.0,3775.0,3753.0,3774.0,False,False,False,False,,0.0034565275192768,-0.0034446210916798,
2026-08-21,6762.T,3019.0,3029.0,2971.5,2999.750407350412,3011.0,0.0026569246097642,-0.0023132848645075,0.0009946949602122,-0.0308979723205664,32.11678832116788,48.64963503649635,False,False,False,False,False,False,,3019.0,3041.0,3008.0,3027.0,False,False,False,False,,0.0026498840675719,-0.0026428807400066,
2026-08-21,6770.T,2173.5,2197.0,2149.0,2172.60225921522,2187.0,-0.0061728395061728,0.0032310177705976,0.0029995385325334,0.028692380056444,56.934306569343065,66.0948905109489,False,False,False,False,False,False,,2173.0,2188.0,2171.0,2185.0,False,False,False,False,,0.0055223193741371,-0.0054919908466819,
2026-08-21,6841.T,4971.0,5074.0,4941.0,4987.261839207048,5113.0,-0.0277723450029336,-0.0028084252758274,-0.0032083416883897,-0.1072114545137069,12.408759124087592,11.678832116788325,False,False,False,True,False,False,,4970.0,5012.0,4962.0,5006.0,False,False,False,False,,0.0072434607645874,-0.0071913703555732,
2026-08-21,6857.T,35740.0,35970.0,34700.0,35315.47880728826,35360.0,0.0107466063348415,-0.0044568245125348,-0.0013970382788488,0.195200270407301,93.43065693430655,62.37226277372263,True,False,False,False,False,False,,35740.0,35850.0,35500.0,35840.0,False,False,False,False,,0.0027979854504756,-0.0027901785714286,
2026-08-21,6861.T,79960.0,79710.0,78690.0,79324.16940249507,80690.0,-0.009046969884744,0.0022562045625469,-0.001373797926814,0.1189848842046872,86.13138686131386,61.38686131386861,True,True,True,False,False,False,,79950.0,80470.0,79670.0,80470.0,False,False,False,False,,0.0065040650406504,-0.0064620355411955,
2026-08-21,6869.T,1945.5,1947.0,1919.5,1937.023244831567,1918.5,0.0140734949179046,0.0018022657054583,0.0012866700977869,0.2385409941897998,94.8905109489051,85.8029197080292,True,False,False,False,False,False,,1946.0,1972.0,1946.0,1969.5,False,False,False,False,,0.0120760534429598,-0.0119319624270118,
2026-08-21,6902.T,1941.5,1954.5,1939.0,1948.2263082608176,1946.0,-0.0023124357656731,-0.0002574665293512,-0.0017994858611825,-0.0218647901482784,36.496350364963504,42.627737226277375,False,False,False,False,False,False,,1941.5,1948.5,1939.5,1946.5,False,False,False,False,,0.0025753283543652,-0.0025687130747495,
2026-08-21,6920.T,34910.0,34950.0,33760.0,34348.84000300323,34930.0,-0.0005725737188663,-0.0002863688430698,-0.0002863688430698,-0.1874854617352872,2.9197080291970803,38.61313868613139,False,False,False,True,False,False,,34900.0,35280.0,34840.0,35240.0,False,False,False,False,,0.0097421203438394,-0.0096481271282633,
2026-08-21,6952.T,2336.5,2387.5,2329.0,2358.985951081464,2373.5,-0.0155887929218453,-0.0008552490912978,0.0010711225364181,0.3178789561354802,97.8102189781022,56.05839416058394,True,False,False,False,False,False,,2336.5,2338.0,2311.0,2314.0,False,False,False,False,,-0.0096297881446608,0.0097234226447708,
2026-08-21,6954.T,6052.0,6041.0,5946.0,6001.544967354795,6116.0,-0.0104643557880967,-0.0009904258831296,-0.0019788918205804,-0.1101411319656627,11.67883211678832,25.912408759124084,False,True,False,True,False,False,,6053.0,6083.0,6034.0,6065.0,False,False,False,False,,0.0019824880224681,-0.0019785655399835,
2026-08-21,6971.T,3583.0,3608.0,3511.0,3550.6083467094704,3567.0,0.0044855620970003,-0.000557880055788,-0.0011151379983272,-0.0563492063492063,22.62773722627737,46.35036496350366,False,False,False,True,False,False,,3582.0,3594.0,3567.0,3593.0,False,False,False,False,,0.0030709101060859,-0.0030615084887281,
2026-08-21,6976.T,9289.0,9489.0,9266.0,9360.19492909002,9623.0,-0.0347085108593994,-0.0070550507749866,-0.002684131415074,-0.2323095333067411,0.7299270072992701,4.525547445255475,False,False,False,True,False,False,,9289.0,9347.0,9192.0,9282.0,False,False,False,False,,-0.0007535795026375,0.0007541478129713,
2026-08-21,6981.T,7117.0,7160.0,7003.0,7089.725770861493,7205.0,-0.0122137404580152,-0.0048937360178971,-0.0037793952967525,-0.1337020560298184,8.02919708029197,14.854014598540148,False,False,False,True,False,False,,7117.0,7137.0,7064.0,7096.0,False,False,False,False,,-0.0029506814669102,0.0029594137542277,
2026-08-21,7003.T,4111.0,4139.0,3983.0,4054.093005560433,4204.0,-0.0221217887725975,0.0034171344886502,0.0024384296513044,-0.1020931225971807,13.86861313868613,41.824817518248175,False,False,False,True,False,False,,4113.0,4143.0,4085.0,4142.0,False,False,False,False,,0.0070508144906393,-0.0070014485755673,
2026-08-21,7004.T,1179.0,1176.0,1164.0,1171.6114519427404,1182.0,-0.0025380710659898,0.0008488964346349,0.0008488964346349,-0.0279605263157894,34.306569343065696,53.21167883211678,False,True,False,False,False,False,,1179.0,1187.0,1178.0,1186.0,False,False,False,False,,0.0059372349448685,-0.005902192242833,
2026-08-21,7011.T,3956.0,4005.0,3895.0,3931.8983255653375,4054.0,-0.0241736556487419,0.0104725415070243,0.0043158161970042,0.0416238437821172,62.77372262773723,60.14598540145985,False,False,False,False,False,False,,3955.0,3958.0,3922.0,3937.0,False,False,False,False,,-0.0045512010113779,0.0045720091440182,
2026-08-21,7012.T,2603.0,2644.0,2576.0,2598.3949933774834,2672.5,-0.0260056127221702,0.001153846153846,-0.0003840245775729,-0.0233875388269687,35.76642335766424,36.55109489051095,False,False,False,False,False,False,,2603.0,2605.0,2586.0,2596.5,False,False,False,False,,-0.0024971187091816,0.0025033699210474,
2026-08-21,7013.T,2663.0,2738.5,2635.5,2669.969491072111,2768.5,-0.0381072783095539,0.0007515971439309,-0.0022480329711502,-0.0037783375314861,43.79562043795621,30.620437956204384,False,False,False,False,False,False,,2663.0,2679.0,2644.0,2678.0,False,False,False,False,,0.0056327450244084,-0.0056011949215832,
2026-08-21,7182.T,3145.0,3144.0,3110.0,3133.186352558895,3120.0,0.0080128205128204,0.0028698979591836,0.0012734797835083,-0.0853122251539137,19.708029197080293,62.62773722627737,False,True,False,True,False,False,,3145.0,3170.0,3144.0,3155.0,False,False,False,False,,0.0031796502384737,-0.0031695721077654,
2026-08-21,7201.T,334.3999938964844,338.6000061035156,333.0,335.6400744819718,337.3999938964844,-0.0088915235751912,0.0020976375901924,-0.0026841453303007,0.0092731265830481,47.44525547445255,46.824817518248175,False,False,False,False,False,False,,334.3999938964844,336.6000061035156,334.1000061035156,335.1000061035156,False,False,False,False,,0.0020933379778946,-0.0020889650679833,
2026-08-21,7202.T,2235.5,2239.5,2222.0,2233.134697439876,2230.0,0.0024663677130045,0.0033662477558349,0.0,-0.0425075139544869,28.46715328467153,60.25547445255474,False,False,False,True,False,False,,2235.5,2246.0,2232.0,2237.0,False,False,False,False,,0.0006709908297919,-0.0006705409029951,
2026-08-21,7203.T,3116.0,3127.0,3091.0,3110.737402282108,3066.0,0.0163078930202218,0.0051612903225806,-0.0009618467457518,0.0432119768628784,63.503649635036496,76.45985401459853,False,False,False,False,False,False,,3116.0,3132.0,3115.0,3129.0,False,False,False,False,,0.0041720154043645,-0.0041546820070309,
2026-08-21,7261.T,1203.0,1218.0,1196.5,1208.0976394392603,1201.5,0.0012484394506866,0.0050125313283209,-0.0008305647840531,0.0353295993106419,59.12408759124088,66.75182481751825,False,False,False,False,False,False,,1203.0,1213.5,1201.5,1206.0,False,False,False,False,,0.0024937655860348,-0.0024875621890547,
2026-08-21,7267.T,1747.5,1762.0,1740.5,1752.9466660134926,1741.5,0.0034453057708871,0.001432664756447,-0.0008576329331045,0.1170622193713919,85.40145985401459,71.64233576642334,True,False,False,False,False,False,,1747.5,1762.5,1745.0,1752.0,False,False,False,False,,0.0025751072961373,-0.0025684931506849,
2026-08-21,7269.T,2096.5,2108.0,2087.5,2097.966232470809,2087.0,0.0045519885002396,0.0045519885002396,-0.0011910433539781,0.015077821011673,51.82481751824818,67.33576642335767,False,False,False,False,False,False,,2096.5,2108.5,2093.5,2104.5,False,False,False,False,,0.0038158836155497,-0.0038013779995248,
2026-08-21,7270.T,2665.5,2675.0,2643.0,2660.6696544895512,2633.5,0.0121511296753369,0.0073696145124717,0.000563063063063,0.0195509097948123,54.74452554744526,78.57664233576642,False,False,False,False,False,False,,2665.5,2675.0,2656.0,2658.5,False,False,False,False,,-0.0026261489401613,0.002633063757758,
2026-08-21,7272.T,1939.0,1969.5,1937.5,1951.1150694472897,1932.5,0.0033635187580853,0.0007741935483871,0.0028445823635894,0.4757541046200839,100.0,80.83941605839415,True,False,False,False,False,False,,1938.5,1944.0,1934.0,1939.5,False,False,False,False,,0.0005158627805004,-0.0005155968032998,
2026-08-21,7309.T,20380.0,20665.0,20320.0,20504.769975786923,20485.0,-0.0051257017329753,-0.008272506082725,-0.0031792614331132,0.1055045871559632,81.02189781021897,41.97080291970804,True,False,False,False,False,False,,20385.0,20430.0,20300.0,20340.0,False,False,False,False,,-0.0022075055187638,0.002212389380531,
2026-08-21,7731.T,1998.5,2008.0,1928.5,1985.0175310445584,1966.0,0.0165310274669379,-0.0052264808362368,-0.0032418952618453,-0.111412429378531,10.948905109489052,35.00000000000001,False,False,False,True,False,False,,1998.5,2016.0,1995.5,2014.5,False,False,False,False,,0.0080060045033776,-0.0079424174733184,
2026-08-21,7733.T,2159.0,2189.5,2152.5,2171.9135677373592,2187.0,-0.0128029263831732,0.0006952491309386,0.0,0.2670915411355736,95.62043795620438,61.05839416058394,True,False,False,False,False,False,,2159.0,2170.0,2155.0,2168.5,False,False,False,False,,0.0044001852709587,-0.0043809084620705,
2026-08-21,7735.T,13055.0,13175.0,12755.0,12961.628138075312,13080.0,-0.0019113149847095,0.000383141762452,0.0015343306482547,-0.2072727272727272,2.18978102189781,43.394160583941606,False,False,False,True,False,False,,13060.0,13095.0,12910.0,12985.0,False,False,False,False,,-0.0057427258805512,0.0057758952637658,
2026-08-21,7741.T,24790.0,25240.0,24525.0,24741.62210338681,25240.0,-0.0178288431061807,0.0026289180990899,-0.0010074551682449,0.0077859852265922,46.71532846715328,44.81751824817518,False,False,False,False,False,False,,24785.0,24900.0,24700.0,24900.0,False,False,False,False,,0.0046399031672381,-0.0046184738955823,
2026-08-21,7751.T,4564.0,4587.0,4545.0,4566.336832239925,4515.0,0.0108527131782945,0.0015360983102918,0.0002191540653078,-0.0046296296296296,43.06569343065693,66.2043795620438,False,False,False,False,False,False,,4564.0,4590.0,4557.0,4590.0,False,False,False,False,,0.0056967572304995,-0.0056644880174292,
2026-08-21,7752.T,1647.0,1652.0,1624.0,1642.9678914064095,1599.5,0.0296967802438261,0.0018248175182482,-0.0021205695243865,0.0309378021269739,57.66423357664233,67.5912408759124,False,False,False,False,False,False,,1647.0,1655.0,1645.5,1650.0,False,False,False,False,,0.0018214936247722,-0.0018181818181818,
2026-08-24,1332.T,1291.5,1309.5,1286.0,1292.5601629412993,1305.0,-0.010344827586206917,0.004276827371695102,0.0,0.03366336633663369,61.31386861313869,53.86861313868613,False,False,False,False,False,False,,1292.0,1297.5,1291.5,1294.5,False,False,False,False,,0.0019349845201237503,-0.0019312475859405431,-1.3745704467353903
2026-08-24,1605.T,3892.0,3925.0,3838.0,3862.2980473834937,3954.0,-0.01568032372281236,0.0067252974650802155,0.0010288065843622185,0.06951582364078979,72.99270072992701,61.4963503649635,False,False,False,False,False,False,,3893.0,3895.0,3871.0,3883.0,False,False,False,False,,-0.0025687130747495956,0.002575328354365247,-0.8407643312101865
2026-08-24,1801.T,12640.0,12795.0,12220.0,12573.503172825682,12355.0,0.02306758397409947,-0.005898545025560309,-0.001973943939992062,-0.1060057887120116,16.05839416058394,41.82481751824817,False,False,False,True,False,False,,12645.0,12705.0,12610.0,12690.0,False,False,False,False,,0.003558718861210064,-0.0035460992907800915,-1.2114107073075475
2026-08-24,1802.T,2974.0,2988.5,2925.0,2964.0978723404255,2941.5,0.01104878463369019,0.00033636057854025125,-0.0018459473065950416,-0.10100855745721271,17.51824817518248,44.96350364963504,False,False,False,True,False,False,,2974.0,2994.0,2973.0,2993.0,False,False,False,False,,0.00638870208473441,-0.006348145673237604,-0.48519324075623205
2026-08-24,1803.T,2364.5,2391.5,2322.0,2362.960523242233,2336.5,0.011983736357800145,0.0010584250635055081,-0.0025311115798354322,-0.05862207896857374,25.547445255474454,47.591240875912405,False,False,False,True,False,False,,2365.0,2380.5,2364.0,2376.5,False,False,False,False,,0.004862579281183832,-0.004839049021670538,-1.1289985364833832
2026-08-24,1925.T,4699.0,4705.0,4652.0,4677.64193236715,4689.0,0.0021326508850501025,0.0029882604055495587,0.00021285653469571564,0.026938239159001398,57.66423357664233,60.98540145985401,False,False,False,False,False,False,,4699.0,4708.0,4690.0,4696.0,False,False,False,False,,-0.0006384337092998349,0.0006388415672913261,-0.12752391073326264
2026-08-24,1928.T,3473.0,3489.0,3443.0,3463.880328710837,3471.0,0.0005762028233937677,0.00201961915753035,0.0005762028233937677,-0.012236767216846856,40.87591240875913,53.722627737226276,False,False,False,False,False,False,,3473.0,3480.0,3465.0,3475.0,False,False,False,False,,0.0005758710048948679,-0.000575539568345329,-0.45858412152479655
2026-08-24,1963.T,2280.5,2296.0,2236.0,2274.8612421884964,2233.0,0.02127183161665913,0.0004386926957666848,-0.002405949256342965,-0.036045758687675344,31.386861313868614,52.88321167883212,False,False,False,False,False,False,,2281.0,2285.0,2271.5,2277.0,False,False,False,False,,-0.0017536168347216385,0.0017566974088714105,-0.6750871080139387
2026-08-24,2002.T,2050.0,2075.5,2040.5,2052.26684981685,2068.0,-0.008704061895551285,0.005148320666830131,0.00048804294777937685,0.025793650793650702,56.20437956204379,56.82481751824818,False,False,False,False,False,False,,2050.0,2064.5,2049.5,2061.0,False,False,False,False,,0.00536585365853659,-0.005337214944201807,-1.2286196097325952
2026-08-24,2267.T,2953.5,2984.0,2902.5,2952.919124774962,2974.5,-0.007060010085728652,0.006131834440470163,0.0023756999830306658,0.0767420814479638,75.91240875912408,67.99270072992701,False,False,False,False,False,False,,2953.5,2970.0,2946.0,2949.0,False,False,False,False,,-0.001523616048755727,0.0015259409969481386,-1.0221179624664845
2026-08-24,2413.T,1730.0,1737.5,1692.0,1719.9457119576289,1708.0,0.012880562060889833,0.009334889148191472,0.0,-0.05739514348785868,26.277372262773724,66.42335766423358,False,False,False,True,False,False,,1729.5,1729.5,1714.5,1721.0,False,False,False,False,,-0.004914715235617262,0.004938988959906965,-0.4316546762589968
2026-08-24,2502.T,1675.5,1687.0,1664.0,1674.0468489599407,1680.5,-0.002975304968759307,0.004496402877697925,-0.0014898688915375713,0.030033711308611766,60.58394160583942,56.24087591240876,False,False,False,False,False,False,,1676.0,1679.0,1672.0,1672.5,False,False,False,False,,-0.0020883054892600894,0.0020926756352765974,-0.6816834617664469
2026-08-24,2503.T,3047.0,3050.0,3021.0,3036.5984793627804,3038.0,0.00296247531270577,0.0023026315789473895,0.0,0.04975812024879067,67.15328467153284,63.540145985401466,False,False,False,False,False,False,,3047.0,3068.0,3045.0,3063.0,False,False,False,False,,0.005251066622907752,-0.005223636957231492,-0.09836065573770592
2026-08-24,2801.T,1845.0,1843.5,1818.0,1833.2322800689979,1837.5,0.004081632653061273,0.00654664484451728,0.0005422993492407713,0.1448598130841121,90.51094890510949,78.97810218978101,True,False,False,False,False,False,,1845.5,1854.5,1844.5,1854.0,False,False,False,False,,0.004605797886751528,-0.004584681769147836,0.08136696501219731
2026-08-24,2914.T,6923.0,6974.0,6878.0,6916.596584678051,6980.0,-0.008166189111747824,0.0015914351851851194,-0.0021620063418852364,0.09593342753964507,79.56204379562044,50.43795620437956,False,False,False,False,False,False,,6922.0,6932.0,6889.0,6891.0,False,False,False,False,,-0.004478474429355672,0.004498621390219171,-0.7312876398049895
2026-08-24,3086.T,3042.0,3047.0,3003.0,3034.1134880348077,3023.0,0.006285147204763586,0.005952380952380931,0.0,0.025440976933514214,55.47445255474452,67.99270072992701,False,False,False,False,False,False,,3042.0,3072.0,3041.0,3065.0,False,False,False,False,,0.007560815253123021,-0.00750407830342581,-0.1640958319658714
2026-08-24,3092.T,1141.0,1153.5,1127.5,1141.9708737864078,1133.0,0.007060900264783676,0.0017559262510975504,0.00043840420868046515,0.012058954890576068,47.44525547445255,61.38686131386861,False,False,False,False,False,False,,1141.0,1145.5,1139.5,1140.5,False,False,False,False,,-0.0004382120946537782,0.00043840420868046515,-1.0836584308625885
2026-08-24,3099.T,3499.0,3538.0,3474.0,3501.5539694465315,3473.0,0.007486323063633726,0.002291606989401229,-0.0022811519817508286,-0.05316248636859322,27.73722627737226,49.12408759124088,False,False,False,True,False,False,,3498.0,3501.0,3473.0,3474.0,False,False,False,False,,-0.006861063464837058,0.006908462867012188,-1.1023176936122092
2026-08-24,3382.T,2047.5,2059.0,2031.5,2042.4458206550921,2030.5,0.008372322088155526,0.005648330058939166,-0.0007320644216690653,-0.023798076923076894,37.22627737226277,62.55474452554744,False,False,False,False,False,False,,2047.0,2051.5,2042.0,2045.0,False,False,False,False,,-0.0009770395701026446,0.0009779951100243878,-0.5585235551238465
2026-08-24,3401.T,1758.0,1759.5,1733.5,1747.6439934174439,1753.0,0.0028522532800911993,0.003997715591090856,-0.001136363636363602,0.02454704850964351,53.284671532846716,58.64963503649635,False,False,False,False,False,False,,1758.5,1766.5,1753.5,1761.0,False,False,False,False,,0.0014216661927779484,-0.0014196479273139717,-0.08525149190110604
2026-08-24,3402.T,1293.0,1299.5,1282.5,1292.8758066168186,1298.5,-0.004235656526761611,0.0007739938080495445,-0.001929756850636788,0.10089020771513346,83.21167883211679,53.13868613138686,False,False,False,False,False,False,,1293.0,1298.5,1289.5,1290.5,False,False,False,False,,-0.0019334880123743625,0.0019372336303757898,-0.5001923816852605
2026-08-24,3407.T,1632.5,1646.0,1623.0,1634.6804850288916,1641.5,-0.005482790130977744,0.0015337423312884457,-0.003053435114503844,-0.12054647736405033,13.86861313868613,30.547445255474454,False,False,False,True,False,False,,1633.0,1638.5,1631.5,1636.5,False,False,False,False,,0.002143294549908248,-0.0021387106630003094,-0.820170109356011
2026-08-24,3436.T,3468.0,3585.0,3349.0,3486.764529399029,3384.0,0.024822695035461084,-0.008859674192626454,-0.0005763688760807018,-0.09615384615384615,19.708029197080293,45.76642335766423,False,False,False,True,False,False,,3469.0,3494.0,3443.0,3455.0,False,False,False,False,,-0.004035745171519167,0.004052098408104277,-3.263598326359829
2026-08-24,3659.T,3093.0,3122.0,3062.0,3090.32846036843,3095.0,-0.0006462035541195954,0.0006470397929472238,-0.0012915724895059544,0.3773920783266578,99.27007299270073,62.737226277372265,True,False,False,False,False,False,,3093.0,3126.0,3091.0,3113.0,False,False,False,False,,0.0064662140316844585,-0.0064246707356248045,-0.9288917360666282
2026-08-24,3861.T,873.5,879.5,867.7000122070312,872.7738478462111,866.7000122070312,0.007845837887613172,0.004022988505747227,-0.0005720823798627261,-0.002876207966969635,42.33576642335766,62.22627737226277,False,False,False,False,False,False,,873.5,876.0999755859375,872.4000244140625,875.7000122070312,False,False,False,False,,0.0025186172948268304,-0.002512289798291212,-0.6822057987492913
2026-08-24,4004.T,15435.0,16165.0,15610.0,15809.805466046068,16060.0,-0.03891656288916567,-0.009306803594351765,-0.007395498392282929,0.04319584280610589,64.23357664233576,22.372262773722625,False,False,False,False,True,False,,15435.0,15845.0,15380.0,15775.0,True,False,False,True,,0.022027858762552643,-0.021553090332805058,-4.515929477265701
2026-08-24,4005.T,547.9000244140625,553.0999755859375,546.2000122070312,548.978152006996,559.7999877929688,-0.021257527042510826,0.002561801306610212,-0.0007294608568498839,0.012662807804947995,48.175182481751825,42.11678832116788,False,False,False,False,False,False,,547.7000122070312,555.7999877929688,547.2999877929688,554.5,False,False,False,False,,0.012415533396771927,-0.012263278256030241,-0.9401467006694975
2026-08-24,4021.T,8027.0,8068.0,7881.0,8001.892080426755,7978.0,0.006141890198044564,0.00012459506603534898,0.0006232859636001731,0.01812149055640644,51.82481751824818,58.394160583941606,False,False,False,False,False,False,,8026.0,8098.0,8023.0,8096.0,False,False,False,False,,0.008721654622476871,-0.008646245059288571,-0.5081804660386768
2026-08-24,4042.T,2643.5,2658.0,2629.0,2648.528236650019,2656.0,-0.00470632530120485,0.00018917896329928574,-0.0016993957703927975,-0.0657755891663735,24.087591240875913,34.48905109489051,False,False,False,True,False,False,,2643.0,2650.5,2641.0,2643.0,False,False,False,False,,0.0,0.0,-0.5455229495861524
2026-08-24,4061.T,3375.0,3461.0,3369.0,3407.3319454958364,3380.0,-0.0014792899408283544,-0.00589101620029453,-0.004718372161604201,-0.09938715694111377,18.248175182481752,23.065693430656935,False,False,False,True,False,False,,3376.0,3414.0,3369.0,3403.0,False,False,False,False,,0.007997630331753491,-0.007934175727299486,-2.4848309737070196
2026-08-24,4062.T,18640.0,19325.0,18410.0,18817.69388587303,19190.0,-0.028660760812923347,-0.0021413276231263545,-0.0013394053040449716,0.061687413554633475,69.34306569343066,37.81021897810219,False,False,False,False,False,False,,18645.0,19055.0,18550.0,18785.0,True,False,False,True,,0.007508715473317329,-0.007452754857599109,-3.5446313065976676
2026-08-24,4183.T,2121.0,2134.0,2102.5,2123.537667071689,2143.0,-0.010265982267848806,-0.0028208744710860323,-0.00235183443085607,-0.02987777274784975,33.57664233576642,25.83941605839416,False,False,False,False,False,False,,2121.5,2145.5,2120.0,2135.5,False,False,False,False,,0.006599104407259082,-0.006555841723249856,-0.6091846298031833
2026-08-24,4188.T,1130.0,1143.5,1130.5,1136.4534021871202,1147.5,-0.015250544662309351,-0.003527336860670194,-0.0030877812086458345,-0.05633223684210531,27.00729927007299,20.510948905109487,False,False,False,True,True,True,,1130.5,1143.5,1130.5,1139.0,False,False,False,False,,0.007518796992481258,-0.007462686567164201,-1.1805859204197633
2026-08-24,4208.T,3530.0,3558.0,3521.0,3542.4351432880844,3568.0,-0.01065022421524664,-0.003106467099689314,-0.0022611644997173608,0.08946564885496189,78.1021897810219,38.68613138686132,False,False,False,False,False,False,,3529.0,3539.0,3514.0,3526.0,False,False,False,False,,-0.0008500991782374179,0.0008508224617129745,-0.7869589657110709
2026-08-24,4307.T,5093.0,5147.0,5021.0,5109.797398217297,5012.0,0.016161213088587312,-0.00039254170755642637,-0.0017640141121129105,0.022231286967163033,52.55474452554745,57.51824817518248,False,False,False,False,False,False,,5093.0,5102.0,5072.0,5095.0,False,False,False,False,,0.00039269585705881127,-0.00039254170755642637,-1.0491548474839685
2026-08-24,4324.T,3604.0,3615.0,3526.0,3586.327843540916,3519.0,0.024154589371980784,0.0064227869310249375,0.0008331019161345043,0.046698393813206396,64.96350364963503,83.61313868613139,False,False,False,False,False,False,,3605.0,3612.0,3591.0,3595.0,False,False,False,False,,-0.00277392510402219,0.0027816411682892728,-0.3042876901798053
2026-08-24,4385.T,4484.0,4697.0,4452.0,4522.276419917361,4745.0,-0.05500526870389888,-0.002225189141076944,-0.001558672901358249,0.06773177317731771,72.26277372262774,36.861313868613145,False,False,False,False,False,False,,4483.0,4504.0,4461.0,4496.0,False,False,False,False,,0.0028998438545617677,-0.0028914590747330937,-4.534809452842237
2026-08-24,4452.T,3577.0,3598.0,3558.0,3577.6376682148384,3556.0,0.0059055118110236116,0.0022415242364808297,0.0008393956351426812,0.10297766749379655,83.94160583941606,72.81021897810218,False,False,False,False,False,False,,3576.0,3595.0,3572.0,3577.0,False,False,False,False,,0.0002796420581654413,-0.0002795638803466671,-0.5836575875486361
2026-08-24,4502.T,5814.0,5857.0,5775.0,5809.71278652306,5764.0,0.008674531575294964,0.0022409929322531053,0.001722949689868969,0.04704813805631236,65.69343065693431,71.42335766423358,False,False,False,False,False,False,,5813.0,5820.0,5805.0,5819.0,False,False,False,False,,0.0010321692757613299,-0.0010311050008592337,-0.7341642479084864
2026-08-24,4503.T,2393.0,2416.0,2379.5,2393.6396344425552,2387.0,0.0025136154168412528,0.0004180602006689238,0.0008364700961940308,0.10458121240166585,84.67153284671532,65.62043795620438,False,False,False,False,False,False,,2393.0,2412.0,2391.0,2408.5,False,False,False,False,,0.006477225240284268,-0.006435540793024663,-0.9519867549668826
2026-08-24,4506.T,1420.0,1439.0,1412.5,1425.4281263337602,1411.5,0.006021962451292939,-0.0007037297677692234,0.0007047216349542751,0.09758942457231723,80.2919708029197,65.65693430656935,False,False,False,False,False,False,,1420.0,1429.5,1415.0,1422.5,False,False,False,False,,0.0017605633802817433,-0.0017574692442882123,-1.3203613620569876
2026-08-24,4507.T,2927.0,2961.0,2911.5,2931.8040213178297,2919.0,0.0027406646111682864,0.003600205726041583,0.0015397775876817565,0.02492977528089879,54.01459854014598,64.52554744525548,False,False,False,False,False,False,,2926.5,2936.0,2923.5,2925.0,False,False,False,False,,-0.0005125576627370565,0.0005128205128204222,-1.148260722728811
2026-08-24,4519.T,6992.0,7130.0,7000.0,7049.677106045589,7011.0,-0.0027100271002710175,-0.0007145919679862889,-0.0008573878250929257,-0.02787021630615638,35.03649635036496,40.620437956204384,False,False,False,False,True,False,,6991.0,7012.0,6966.0,6973.0,False,False,False,False,,-0.0025747389500786477,0.002581385343467746,-1.9354838709677469
2026-08-24,4523.T,4856.0,4954.0,4857.0,4887.090339127957,4902.0,-0.009383924928600518,-0.0006174109899156344,-0.0012340600575894145,0.06983849847228285,73.72262773722628,46.021897810218974,False,False,False,False,True,False,,4855.0,4873.0,4847.0,4848.0,False,False,False,False,,-0.0014418125643665958,0.0014438943894390377,-1.9781994348001652
2026-08-24,4543.T,2605.5,2645.5,2571.0,2613.356557062926,2569.0,0.014207862981704844,0.008710801393728262,0.002308136180034559,0.19045412418906404,93.43065693430657,91.20437956204378,True,False,False,False,False,False,,2604.5,2616.5,2603.5,2610.0,False,False,False,False,,0.00211172969859863,-0.0021072796934865634,-1.5120015120015151
2026-08-24,4568.T,2868.5,2884.5,2828.0,2859.644310958185,2833.5,0.012352214575613196,0.00420094521267278,0.0012216404886562504,0.028493647912885667,59.12408759124088,74.63503649635038,False,False,False,False,False,False,,2868.0,2871.0,2856.5,2860.5,False,False,False,False,,-0.0026150627615062483,0.002621919244887305,-0.5546888542208306
2026-08-24,4578.T,12265.0,12330.0,12195.0,12238.89701897019,12195.0,0.005740057400573928,0.004093327875562824,0.004093327875562824,0.11726981218506638,86.86131386861314,79.27007299270073,True,False,False,False,False,False,,12260.0,12290.0,12195.0,12230.0,False,False,False,False,,-0.002446982055464897,0.002452984464431651,-0.5271695052716963
2026-08-24,4661.T,3003.0,3041.0,2975.0,3001.503973142787,3007.0,-0.0013302294645826107,0.0030060120240480437,-0.0003328894806924332,0.14334600760456273,89.78102189781022,67.1897810218978,True,False,False,False,False,False,,3003.0,3006.0,2983.5,2997.5,False,False,False,False,,-0.001831501831501825,0.0018348623853210455,-1.2495889510029556
2026-08-24,4689.T,537.4000244140625,543.7999877929688,530.7000122070312,537.9822929387012,525.5999755859375,0.022450626667115614,0.0027990295421986833,0.0013042895306685232,0.2024707578280449,94.16058394160584,87.44525547445255,True,False,False,False,False,False,,537.2000122070312,538.2000122070312,533.2999877929688,533.5,False,False,False,False,,-0.006887587719572319,0.006935355589561931,-1.1768965653862429
2026-08-24,4704.T,5580.0,5645.0,5498.0,5579.554586307164,5472.0,0.019736842105263053,0.006856730422230228,-0.0023243339889147396,-0.11240875912408754,15.328467153284672,58.394160583941606,False,False,False,True,False,False,,5578.0,5600.0,5570.0,5600.0,False,False,False,False,,0.003944065973467303,-0.003928571428571392,-1.1514614703277193
2026-08-24,4751.T,1327.0,1343.5,1305.5,1330.2712211856253,1305.5,0.016468785905783268,0.0015094339622641062,-0.0022556390977443996,-0.06982543640897754,22.62773722627737,50.62043795620438,False,False,False,True,False,False,,1327.0,1334.5,1317.0,1333.5,False,False,False,False,,0.0048982667671439994,-0.004874390701162357,-1.2281354670636402
2026-08-24,4755.T,773.7999877929688,789.2000122070312,768.7000122070312,776.5742734746393,780.7999877929688,-0.008965164074587695,0.004935049081777665,-0.0011617715243070759,-0.021063174908734217,39.416058394160586,47.00729927007299,False,False,False,False,False,False,,773.7000122070312,775.2000122070312,770.2999877929688,771.7000122070312,False,False,False,False,,-0.0025849812181013565,0.0025916806639409984,-1.951346195623549
2026-08-24,4901.T,3273.0,3289.0,3202.0,3268.021950204591,3217.0,0.017407522536524667,0.0027573529411764053,0.0006114338122897855,-0.12055768179332971,13.138686131386862,59.56204379562044,False,False,False,True,False,False,,3273.0,3303.0,3266.0,3287.0,False,False,False,False,,0.004277421326000619,-0.004259202920596339,-0.4864700516874376
2026-08-24,4911.T,3672.0,3711.0,3622.0,3664.0370138017565,3696.0,-0.00649350649350644,0.0005449591280652921,-0.0013598041881969225,0.1899549259497746,92.7007299270073,56.09489051094891,True,False,False,False,False,False,,3670.0,3675.0,3649.0,3650.0,False,False,False,False,,-0.00544959128065392,0.005479452054794498,-1.0509296685529468
2026-08-24,5020.T,1338.5,1330.5,1316.0,1325.3477067723,1331.0,0.005634861006761804,0.00601277715144688,-0.00037341299477222645,-0.004487658937920691,41.605839416058394,62.15328467153285,False,True,False,False,False,False,,1338.5,1343.0,1331.5,1339.5,False,False,False,False,,0.0007471049682481468,-0.000746547219111604,0.601277715144688
2026-08-24,5101.T,7669.0,7697.0,7450.0,7604.536,7494.0,0.02335201494528949,-0.0014322916666666963,0.0009135995823543741,-0.03626543209876543,30.656934306569344,60.036496350364956,False,False,False,False,False,False,,7669.0,7760.0,7630.0,7703.0,False,False,False,False,,0.004433433302907908,-0.004413864728028072,-0.36377809536183303
2026-08-24,5108.T,4132.0,4154.0,4106.0,4127.323723723724,4117.0,0.0036434296818070866,0.002426006792819013,0.0,0.09874566319722455,82.48175182481752,68.97810218978103,False,False,False,False,False,False,,4133.0,4153.0,4130.0,4142.0,False,False,False,False,,0.0021775949673361605,-0.002172863351038168,-0.5296100144439042
2026-08-24,5201.T,5751.0,5790.0,5734.0,5758.684143870314,5802.0,-0.00879007238883145,-0.0013891300573015686,-0.0029472954230236326,-0.08123515439429929,21.16788321167883,25.18248175182482,False,False,False,True,False,False,,5753.0,5779.0,5740.0,5768.0,False,False,False,False,,0.002607335303320024,-0.002600554785020859,-0.6735751295336767
2026-08-24,5214.T,4768.0,4828.0,4641.0,4760.990691901955,4795.0,-0.005630865484880121,-0.0027190964233424486,-0.0018840276324052496,-0.1490683229813664,7.2992700729927,23.284671532846716,False,False,False,True,False,False,,4769.0,4789.0,4755.0,4765.0,False,False,False,False,,-0.0008387502621094445,0.0008394543546694777,-1.2427506213753103
2026-08-24,5232.T,5632.0,5723.0,5568.0,5650.104607721046,5531.0,0.018260712348580732,0.0039215686274509665,-0.004419303517765649,-0.0380869565217391,29.927007299270077,56.82481751824818,False,False,False,True,False,False,,5627.0,5680.0,5598.0,5657.0,False,False,False,False,,0.005331437711036058,-0.0053031642213187125,-1.5900751354184894
2026-08-24,5233.T,4200.0,4246.0,4155.0,4205.834464043419,4187.0,0.0031048483401003857,0.0011918951132301459,-0.0016638935108153063,0.0023940627244434243,45.98540145985402,50.25547445255474,False,False,False,False,False,False,,4201.0,4209.0,4186.0,4194.0,False,False,False,False,,-0.001666269935729603,0.0016690510252741486,-1.0833725859632604
2026-08-24,5301.T,1653.5,1712.5,1663.0,1681.4629788450543,1685.0,-0.018694362017804167,-0.008395802098950522,-0.006011421701232367,0.02525098874353504,54.74452554744526,21.642335766423358,False,False,False,False,True,False,,1653.0,1661.5,1645.0,1648.5,False,False,False,False,,-0.0027223230490017736,0.0027297543221109777,-3.4452554744525576
2026-08-24,5332.T,6306.0,6382.0,6311.0,6342.525436598329,6351.0,-0.007085498346717012,-0.003948823250671252,-0.004106127605811749,-0.16003174183309088,5.839416058394161,16.970802919708028,False,False,False,True,True,True,,6306.0,6353.0,6306.0,6343.0,False,False,False,False,,0.00586742784649541,-0.005833201954910883,-1.1908492635537504
2026-08-24,5333.T,5408.0,5500.0,5404.0,5446.834645669292,5465.0,-0.010430009149130837,-0.006247703050349163,-0.0007390983000739038,-0.12039272493159503,14.5985401459854,20.802919708029194,False,False,False,True,False,False,,5408.0,5440.0,5373.0,5379.0,False,False,False,False,,-0.005362426035502965,0.005391336679680281,-1.6727272727272702
2026-08-24,5401.T,667.2999877929688,677.0999755859375,662.2999877929688,666.0445177910569,659.4000244140625,0.011980532433140345,0.0018015496937613396,0.0005997351390978345,0.08489640943966248,76.64233576642336,73.3941605839416,False,False,False,False,False,False,,667.2000122070312,668.5999755859375,663.7000122070312,666.9000244140625,False,False,False,False,,-0.0004496219836334081,0.00044982423449790865,-1.4473472376790752
2026-08-24,5406.T,2032.0,2047.5,2021.5,2032.5060411311053,2024.5,0.003704618424302364,0.0029615004935834577,0.00024612355402409136,0.016570424303288922,49.63503649635037,61.021897810218974,False,False,False,False,False,False,,2032.0,2034.0,2024.0,2028.0,False,False,False,False,,-0.0019685039370078705,0.0019723865877712132,-0.7570207570207543
2026-08-24,5411.T,1846.5,1859.0,1834.0,1843.7520351328192,1845.5,0.0005418585749119575,0.0032599837000815146,-0.001081958344603784,0.06737998843262005,71.53284671532847,61.313868613138695,False,False,False,False,False,False,,1847.0,1855.0,1841.0,1850.0,False,False,False,False,,0.0016242555495398214,-0.001621621621621605,-0.6724045185583671
2026-08-24,5631.T,7533.0,7552.0,7366.0,7487.901383311022,7410.0,0.016599190283400844,0.001861949727357315,-0.005150554675118824,-0.04387096774193544,28.467153284671532,51.13138686131387,False,False,False,True,False,False,,7534.0,7602.0,7515.0,7540.0,False,False,False,False,,0.0007963897000264897,-0.0007957559681697202,-0.2515889830508433
2026-08-24,5706.T,28060.0,28985.0,28105.0,28471.12162538269,28210.0,-0.005317263381779513,-0.002665718855518029,-0.004434983147064031,-0.16784660766961657,5.109489051094891,20.255474452554747,False,False,False,True,True,True,,28075.0,28440.0,27960.0,28290.0,False,False,False,False,,0.007658058771148779,-0.00759985860728174,-3.1913058478523326
2026-08-24,5711.T,5773.0,5893.0,5613.0,5774.798794358508,5565.0,0.03737646001796935,-0.013162393162393204,-0.0022468026270308084,0.2959944108057755,96.35036496350365,62.77372262773722,True,False,False,False,False,False,,5776.0,5810.0,5717.0,5754.0,False,False,False,False,,-0.0038088642659279692,0.003823427181091521,-2.0363142711691817
2026-08-24,5713.T,11490.0,11680.0,11110.0,11423.60916639531,10760.0,0.06784386617100369,-0.014579759862778707,-0.006055363321799345,0.3616805871931157,98.54014598540147,60.54744525547445,True,False,False,False,False,False,,11490.0,11550.0,11375.0,11430.0,False,False,False,False,,-0.005221932114882533,0.005249343832020914,-1.6267123287671215
2026-08-24,5714.T,10350.0,10515.0,10280.0,10396.780200931144,10120.0,0.022727272727272707,-0.010043041606886627,-0.0009652509652510188,0.18473425427300394,91.97080291970804,64.63503649635037,True,False,False,False,False,False,,10355.0,10385.0,10270.0,10290.0,False,False,False,False,,-0.0062771607918880035,0.00631681243926141,-1.5691868758915817
2026-08-24,5801.T,3596.0,3859.0,3621.0,3701.9432895696573,3818.0,-0.05814562598218964,-0.013443072702331915,-0.0024965325936199267,0.0868203814403643,77.37226277372264,27.007299270072995,False,False,False,False,True,False,,3596.0,3650.0,3585.0,3622.0,False,False,False,True,,0.007230255839822064,-0.007178354500276041,-6.81523710805908
2026-08-24,5802.T,2144.0,2204.0,2140.5,2169.0540502793297,2178.5,-0.015836584806059206,-0.004873520538407949,-0.0016298020954598202,-0.1327627388535032,10.218978102189782,16.751824817518248,False,False,False,True,False,False,,2145.0,2163.5,2138.0,2156.5,False,False,False,False,,0.005361305361305302,-0.005332715047530745,-2.722323049001818
2026-08-24,5803.T,4990.0,5325.0,5016.0,5083.873645850143,5280.0,-0.05492424242424243,-0.007952286282306154,0.00020044097013438567,0.11698751851068323,86.13138686131386,40.10948905109489,True,False,False,False,True,False,,4990.0,5027.0,4973.0,5012.0,False,False,False,False,,0.004408817635270568,-0.004389465283320071,-6.2910798122065685
2026-08-24,5831.T,3438.0,3491.0,3420.0,3437.046425255339,3450.0,-0.003478260869565264,-0.0011621150493899002,-0.001452221899506223,0.02617489589530031,56.934306569343065,43.97810218978102,False,False,False,False,False,False,,3438.0,3439.0,3419.0,3425.0,False,False,False,False,,-0.0037812681791739022,0.0037956204379561154,-1.5181896304783726
2026-08-24,6098.T,16185.0,16140.0,15740.0,15997.471131639722,15900.0,0.017924528301886733,0.013145539906103343,0.0034097954122753737,0.28692836908134356,95.62043795620438,94.52554744525547,True,True,True,False,False,False,,16190.0,16400.0,16165.0,16390.0,False,False,False,False,,0.012353304508956109,-0.01220256253813301,0.27881040892192566
2026-08-24,6103.T,4925.0,4980.0,4880.0,4929.349388928828,4935.0,-0.0020263424518743856,-0.005050505050505083,-0.004044489383215333,-0.0010121457489878916,43.06569343065693,31.459854014598534,False,False,False,False,False,False,,4925.0,4925.0,4870.0,4885.0,False,False,False,False,,-0.008121827411167515,0.008188331627430934,-1.1044176706827336
2026-08-24,6113.T,2548.5,2622.0,2572.0,2588.416895514581,2602.5,-0.02074927953890493,-0.016402933230412975,-0.00507515127854774,-0.10551641175459703,16.78832116788321,8.248175182481752,False,False,False,True,True,True,SHORT,2548.0,2585.5,2539.0,2576.0,False,False,False,False,HOLD,0.01098901098901095,-0.010869565217391353,-2.803203661327236
2026-08-24,6301.T,7359.0,7425.0,7113.0,7314.166552901024,7065.0,0.04161358811040339,-0.002304772234273278,-0.0005432568246638292,0.06689821806100871,70.8029197080292,68.43065693430657,False,False,False,False,False,False,,7359.0,7424.0,7342.0,7386.0,False,False,False,False,,0.003668976763147258,-0.0036555645816409577,-0.8888888888888835
2026-08-24,6302.T,5910.0,5979.0,5689.0,5873.062237174096,5615.0,0.05253784505788062,-0.01005025125628145,-0.006054490413723523,0.04874859917818464,66.42335766423358,51.31386861313869,False,False,False,False,False,False,,5909.0,5914.0,5848.0,5877.0,False,False,False,False,,-0.005415467930275808,0.005444954908967237,-1.1540391369794234
2026-08-24,6305.T,5979.0,6043.0,5673.0,5925.432804318708,5644.0,0.059355067328136,-0.006150265957446832,-0.005158069883527405,0.04228993536472769,63.503649635036496,53.72262773722628,False,False,False,False,False,False,,5978.0,6037.0,5964.0,6020.0,False,False,False,False,,0.007025761124121788,-0.006976744186046546,-1.0590766175740507
2026-08-24,6326.T,2774.5,2805.0,2682.0,2764.3999103880883,2712.0,0.02304572271386429,-0.006979241231209743,-0.005020620405235765,-0.030216341855891282,32.846715328467155,42.55474452554744,False,False,False,False,False,False,,2774.5,2793.5,2771.0,2776.0,False,False,False,False,,0.0005406379527843619,-0.0005403458213256718,-1.0873440285204983
2026-08-24,6361.T,5004.0,5044.0,4872.0,4970.670418883886,4921.0,0.016866490550700997,-0.0035842293906810374,-0.00019980019980014863,-0.14447148817802502,8.02919708029197,44.01459854014598,False,False,False,True,False,False,,5003.0,5021.0,4945.0,4949.0,False,False,False,False,,-0.010793523885668566,0.01091129521115386,-0.7930214115781098
2026-08-24,6367.T,20890.0,21005.0,20640.0,20903.698847834723,20700.0,0.009178743961352653,-0.0004784688995215225,-0.0009564801530368428,-0.1416131038772548,8.75912408759124,43.43065693430657,False,False,False,True,False,False,,20890.0,20970.0,20865.0,20875.0,False,False,False,False,,-0.0007180469123982958,0.0007185628742514272,-0.5474886931682965
2026-08-24,6471.T,1113.5,1127.0,1112.5,1119.5257561436672,1117.5,-0.0035794183445190253,-0.0035794183445190253,-0.0022401433691756623,-0.021881838074398252,38.68613138686132,32.59124087591241,False,False,False,False,False,False,,1113.5,1119.5,1111.5,1115.0,False,False,False,False,,0.0013471037269869868,-0.0013452914798206539,-1.1978704525288375
2026-08-24,6472.T,376.5,378.6000061035156,373.79998779296875,376.60944485813116,374.0,0.006684491978609541,-0.0034409418606999864,-0.0010612732898961363,-0.018372703412073532,40.14598540145985,46.277372262773724,False,False,False,False,False,False,,376.5,377.0,374.20001220703125,374.6000061035156,False,False,False,False,,-0.005046464532495021,0.0050720605059448864,-0.5546767220446003
2026-08-24,6473.T,2086.0,2097.5,2070.5,2088.1268221574346,2077.5,0.004091456077015554,-0.002391200382592107,-0.00191387559808609,-0.0007215007215006786,43.79562043795621,43.43065693430657,False,False,False,False,False,False,,2085.0,2089.5,2069.0,2085.0,False,False,False,False,,0.0,0.0,-0.548271752085816
2026-08-24,6479.T,3334.0,3388.0,3337.0,3359.5655530809204,3365.0,-0.009212481426448704,-0.005963029218843174,-0.0020951810835079243,-0.15260639637370943,6.569343065693431,16.24087591240876,False,False,False,True,True,True,,3334.0,3361.0,3323.0,3327.0,False,False,False,False,,-0.0020995800839832546,0.0021039975954313395,-1.5938606847697767
2026-08-24,6501.T,5299.0,5336.0,5250.0,5299.425013347571,5196.0,0.019822940723633664,0.0026490066225166586,-0.0005658242172764671,0.07045735475896175,74.45255474452554,76.13138686131387,False,False,False,False,False,False,,5299.0,5300.0,5248.0,5256.0,False,False,False,False,,-0.008114738629930174,0.008181126331811228,-0.6934032983508254
2026-08-24,6503.T,5563.0,5636.0,5500.0,5593.52524577008,5602.0,-0.0069617993573724,-0.004117436448263567,-0.0017943656917279727,-0.025060911938739938,35.76642335766424,29.48905109489051,False,False,False,False,False,False,,5562.0,5590.0,5553.0,5562.0,False,False,False,False,,0.0,0.0,-1.2952448545067385
2026-08-24,6504.T,14055.0,14145.0,13520.0,13904.775501307759,13885.0,0.012243428159884662,-0.004603399433427802,-0.0031914893617021045,0.053490136570561564,68.61313868613139,51.31386861313868,False,False,False,False,False,False,,14060.0,14105.0,14025.0,14095.0,False,False,False,False,,0.0024893314366998265,-0.0024831500532103146,-0.6362672322375418
2026-08-24,6506.T,4928.0,5060.0,4967.0,5006.135459200207,4979.0,-0.010243020686884874,-0.009845288326300938,-0.008450704225352101,-0.06672914714151823,23.357664233576642,14.014598540145984,False,False,False,True,True,True,,4928.0,4975.0,4924.0,4946.0,False,False,False,False,,0.0036525974025973795,-0.003639304488475492,-2.608695652173909
2026-08-24,6526.T,1929.5,1979.5,1913.5,1948.9910939139559,1990.0,-0.030402010050251227,-0.012790995139421835,-0.0012939958592133038,-0.19547200323428338,2.9197080291970803,9.744525547445255,False,False,False,True,False,False,,1930.0,1935.0,1909.0,1924.0,False,False,False,False,,-0.0031088082901554737,0.0031185031185030354,-2.5258903763576646
2026-08-24,6594.T,2600.0,2634.0,2599.0,2612.9856887298747,2627.0,-0.010277883517320174,-0.003449597546952843,-0.001536098310291889,0.02777777777777768,58.3941605839416,35.36496350364963,False,False,False,False,False,False,,2600.0,2605.0,2578.0,2590.0,False,False,False,False,,-0.0038461538461538325,0.0038610038610038533,-1.2908124525436548
2026-08-24,6645.T,6333.0,6433.0,6289.0,6372.141648386086,6292.0,0.0065162110616656665,-0.002677165354330713,-0.001104100946372255,0.13861744480636995,89.05109489051095,61.13138686131387,True,False,False,False,False,False,,6330.0,6348.0,6302.0,6307.0,False,False,False,False,,-0.0036334913112163747,0.003646741715554125,-1.554484688325819
2026-08-24,6674.T,5383.0,5483.0,5274.0,5418.380681818182,5273.0,0.020860989948795705,-0.009567617295308195,-0.0016691394658753245,-0.12335827098919372,12.408759124087592,38.06569343065693,False,False,False,True,False,False,,5386.0,5426.0,5378.0,5390.0,False,False,False,False,,0.0007426661715559391,-0.0007421150278292821,-1.8238190771475482
2026-08-24,6701.T,4736.0,4829.0,4732.0,4775.000610128127,4656.0,0.01718213058419238,0.0016920473773265332,-0.0023172530018958915,0.09811320754716979,81.02189781021897,68.9051094890511,False,False,False,False,False,False,,4737.0,4746.0,4714.0,4729.0,False,False,False,False,,-0.0016888325944690585,0.0016916895749630179,-1.9258645682335929
2026-08-24,6702.T,3703.0,3741.0,3664.0,3707.773669467787,3646.0,0.015633571036752558,0.0010813733441470408,-0.002693239967681116,0.12392108508014799,88.32116788321169,68.24817518248176,True,False,False,False,False,False,,3703.0,3715.0,3693.0,3714.0,False,False,False,False,,0.0029705644072373083,-0.0029617662897145625,-1.0157711841753514
2026-08-24,6723.T,3415.0,3500.0,3400.0,3454.6757835104927,3433.0,-0.0052432274978153615,-0.006689936009307784,-0.002045587375803626,-0.18242438675875206,3.64963503649635,18.211678832116785,False,False,False,True,False,False,,3416.0,3437.0,3408.0,3424.0,False,False,False,False,,0.0023419203747072626,-0.002336448598130869,-2.4285714285714244
2026-08-24,6724.T,3072.0,3108.0,3051.0,3082.406322795341,3063.0,0.002938295788442735,0.0006514657980456473,-0.001624959376015589,0.036372864151581696,62.04379562043796,53.941605839416056,False,False,False,False,False,False,,3072.0,3095.0,3071.0,3090.0,False,False,False,False,,0.005859375,-0.005825242718446644,-1.158301158301156
2026-08-24,6752.T,4336.0,4401.0,4280.0,4363.112204068023,4303.0,0.00766906809202883,-0.0020713463751438344,0.00023068050749719404,0.07146414342629481,75.18248175182481,62.95620437956204,False,False,False,False,False,False,,4337.0,4350.0,4320.0,4343.0,False,False,False,False,,0.001383444777495857,-0.0013815335021873931,-1.4769370597591425
2026-08-24,6758.T,3854.0,3880.0,3814.0,3856.3074694847874,3785.0,0.018229854689564062,-0.0005186721991701226,0.00025953802232026035,0.09869375907111766,81.75182481751825,73.24817518248176,False,False,False,False,False,False,,3854.0,3867.0,3845.0,3862.0,False,False,False,False,,0.002075765438505517,-0.0020714655618850886,-0.6701030927835028
2026-08-24,6762.T,3029.0,3071.0,3008.0,3040.0061273380634,3041.0,-0.003946070371588339,-0.005254515599343201,0.00198478332782015,-0.0240693196405648,36.496350364963504,39.85401459854015,False,False,False,False,False,False,,3029.0,3065.0,3025.0,3053.0,False,False,False,False,,0.007923407065038024,-0.007861120209629924,-1.3676326929338956
2026-08-24,6770.T,2197.5,2209.5,2158.5,2195.707510964912,2193.5,0.0018235696375654697,0.0004552697473252376,0.001138952164009055,0.017393320964749437,51.09489051094891,55.802919708029194,False,False,False,False,False,False,,2197.5,2213.0,2193.5,2204.0,False,False,False,False,,0.0029579067121729974,-0.0029491833030852455,-0.5431093007467802
2026-08-24,6841.T,5075.0,5109.0,4981.0,5058.004354711005,5000.0,0.014999999999999902,-0.0009842519685039353,-0.0003939334252511806,-0.1332986652799445,9.48905109489051,46.75182481751824,False,False,False,True,False,False,,5075.0,5111.0,5072.0,5107.0,False,False,False,False,,0.006305418719211753,-0.006265909535931091,-0.6654922685457088
2026-08-24,6857.T,35270.0,35890.0,34890.0,35483.18275337687,35900.0,-0.017548746518105895,-0.0008498583569405138,0.0017040613462084853,0.1655844155844155,91.24087591240875,54.160583941605836,True,False,False,False,False,False,,35270.0,35300.0,34510.0,34550.0,False,True,True,False,,-0.020413949532180342,0.020839363241678788,-1.727500696572859
2026-08-24,6861.T,80710.0,81500.0,80000.0,80913.77448071216,79900.0,0.010137672090112737,0.0017376194613378804,-0.0014845973029815607,0.10572931082203163,85.40145985401459,69.19708029197079,True,False,False,False,False,False,,80740.0,81170.0,80540.0,80910.0,False,False,False,False,,0.0021055239038889617,-0.002101099987640631,-0.9693251533742342
2026-08-24,6869.T,1958.5,1988.5,1949.0,1967.5653101878202,1976.5,-0.009107007336200401,0.004874294510005095,0.0025595085743537194,0.30807412309728655,97.08029197080292,71.45985401459853,True,False,False,False,False,False,,1958.0,1959.0,1937.5,1942.0,False,False,False,False,,-0.008171603677221695,0.008238928939237944,-1.5086748805632433
2026-08-24,6902.T,1951.5,1960.5,1940.0,1948.5459661177586,1948.5,0.0015396458814471714,0.0030840400925211675,-0.0002561475409835756,-0.022328148519819346,37.95620437956204,53.68613138686131,False,False,False,False,False,False,,1951.5,1953.0,1941.5,1943.5,False,False,False,False,,-0.004099410709710427,0.004116285052739865,-0.4590665646518777
2026-08-24,6920.T,34580.0,35660.0,34200.0,34823.81408720652,35120.0,-0.01537585421412302,-0.00230813618003467,-0.0005780346820809523,-0.22180367826279634,1.4598540145985401,20.72992700729927,False,False,False,True,False,False,,34590.0,35100.0,34500.0,34820.0,False,False,False,False,,0.006649320612893916,-0.006605399195864448,-3.028603477285474
2026-08-24,6952.T,2338.0,2362.0,2282.0,2338.3351091703057,2312.0,0.011245674740484324,-0.005106382978723456,0.0,0.3084323712507073,97.8102189781022,66.86131386861314,True,False,False,False,False,False,,2338.0,2353.5,2334.0,2350.5,False,False,False,False,,0.0053464499572284385,-0.005318017443097234,-1.0160880609652811
2026-08-24,6954.T,6039.0,6137.0,6016.0,6075.422077922078,6035.0,0.000662800331400204,-0.00016556291390723565,-0.00330087473180396,-0.13015278178149325,10.948905109489052,30.87591240875912,False,False,False,True,False,False,,6040.0,6063.0,6030.0,6043.0,False,False,False,False,,0.000496688741721929,-0.0004964421644878536,-1.5968714355548363
2026-08-24,6971.T,3565.0,3639.0,3586.0,3603.259294841003,3608.0,-0.011917960088691837,-0.008069003895381233,-0.0008408071748878809,-0.028802153432032296,34.306569343065696,24.817518248175183,False,False,False,False,True,False,,3566.0,3586.0,3559.0,3576.0,False,False,False,False,,0.0028042624789679227,-0.002796420581655523,-2.0335256938719404
2026-08-24,6976.T,9108.0,9733.0,9225.0,9431.977256479742,9300.0,-0.020645161290322567,-0.030238500851788808,0.001980198019801982,-0.23488276429452903,0.7299270072992701,16.38686131386861,False,False,False,True,True,True,,9109.0,9433.0,9078.0,9156.0,True,False,False,True,,0.005159732133055206,-0.005133245958934052,-6.421452789479087
2026-08-24,6981.T,7068.0,7276.0,6975.0,7136.8710248693515,7091.0,-0.0032435481596390092,-0.0008481764206954567,0.001700680272108901,-0.1694776294214102,4.37956204379562,36.496350364963504,False,False,False,True,False,False,,7069.0,7169.0,7064.0,7087.0,False,False,False,False,,0.002546329042297346,-0.0025398617186397354,-2.8587135788895046
2026-08-24,7003.T,4202.0,4253.0,4111.0,4184.895650749447,4144.0,0.01399613899613894,-0.003793266951161667,-0.006854171590640501,-0.12573839662447261,11.678832116788321,34.08759124087591,False,False,False,True,False,False,,4204.0,4213.0,4140.0,4155.0,False,True,False,False,,-0.01165556612749763,0.011793020457280479,-1.1991535386785768
2026-08-24,7004.T,1188.0,1195.0,1179.0,1185.3400070249386,1189.0,-0.000841042893187538,0.0008424599831506896,0.0,-0.034118602761982086,32.11678832116788,46.2043795620438,False,False,False,False,False,False,,1188.0,1200.0,1186.0,1198.0,False,False,False,False,,0.008417508417508435,-0.008347245409014992,-0.585774058577404
2026-08-24,7011.T,3975.0,4005.0,3932.0,3968.6138800141994,3932.0,0.010935910478128141,-0.00575287643821909,-0.0015071590052750938,0.0005089058524172518,44.52554744525548,46.02189781021898,False,False,False,False,False,False,,3976.0,3989.0,3954.0,3959.0,False,False,False,False,,-0.004275653923541234,0.00429401363980797,-0.7490636704119868
2026-08-24,7012.T,2600.0,2634.0,2582.5,2612.288807618496,2603.5,-0.0013443441521029387,-0.008390541571319576,-0.004784688995215336,-0.0638259618842143,24.817518248175183,23.138686131386866,False,False,False,True,False,False,,2600.0,2619.5,2591.0,2595.0,False,False,False,False,,-0.0019230769230769162,0.0019267822736031004,-1.2908124525436548
2026-08-24,7013.T,2671.5,2703.5,2647.0,2680.728027844209,2673.0,-0.0005611672278339475,-0.0039149888143176215,-0.0027995520716684874,-0.07476635514018692,21.897810218978105,27.992700729927005,False,False,False,True,False,False,,2672.0,2689.5,2662.5,2667.5,False,False,False,False,,-0.0016841317365269282,0.0016869728209933932,-1.1836508230072096
2026-08-24,7182.T,3162.0,3165.0,3126.0,3142.5449176509733,3151.0,0.003490955252300809,0.006685768863419206,0.0006329113924050667,-0.08587177255584566,20.437956204379564,58.02919708029197,False,False,False,True,False,False,,3162.0,3166.0,3148.0,3155.0,False,False,False,False,,-0.0022137887413029578,0.0022187004754357087,-0.09478672985782088
2026-08-24,7201.T,332.29998779296875,332.6000061035156,326.79998779296875,329.9737533378261,336.0,-0.011011941092354927,0.0069696599786932545,0.0003009499767121504,0.011134554146708053,46.715328467153284,53.10218978102189,False,False,False,False,False,False,,332.29998779296875,335.0,331.70001220703125,334.0,False,False,False,False,,0.005115896086311134,-0.005089856907279144,-0.09020394018077749
2026-08-24,7202.T,2240.5,2247.0,2220.0,2232.994578497251,2228.5,0.005384787973973459,0.0060619667714414405,0.0015645954403218365,-0.043151567196221596,29.1970802919708,62.66423357664233,False,False,False,True,False,False,,2240.0,2250.0,2234.5,2240.0,False,False,False,False,,0.0,0.0,-0.28927458834000497
2026-08-24,7203.T,3120.0,3141.0,3077.0,3105.8981541640483,3132.0,-0.003831417624521105,0.005478569126651678,0.0009624639076035724,0.061694915254237204,70.07299270072993,65.98540145985402,False,False,False,False,False,False,,3120.0,3138.0,3115.0,3124.0,False,False,False,False,,0.0012820512820512775,-0.001280409731113985,-0.6685768863419317
2026-08-24,7261.T,1216.0,1221.5,1191.0,1209.5293757917268,1207.5,0.00703933747412,0.00454357703428343,0.0020601565718993964,0.04184641932700606,62.77372262773723,73.94160583941606,False,False,False,False,False,False,,1216.0,1223.0,1212.0,1213.0,False,False,False,False,,-0.002467105263157854,0.002473206924979321,-0.4502660663119107
2026-08-24,7267.T,1739.5,1751.5,1721.5,1735.3069437320653,1753.0,-0.00770108385624646,0.004620271440947121,0.0008630609896431718,0.1190552186402809,87.59124087591242,67.44525547445255,True,False,False,False,False,False,,1739.0,1749.5,1736.5,1744.5,False,False,False,False,,0.003162737205290478,-0.0031527658354829624,-0.6851270339708782
2026-08-24,7269.T,2118.0,2117.0,2082.0,2101.427875333272,2103.5,0.006893273116234777,0.007851534618129818,0.0037914691943128354,0.02910958904109595,59.854014598540154,76.60583941605839,False,False,False,False,False,False,,2118.0,2139.5,2118.0,2123.5,False,False,False,False,,0.002596789423984891,-0.0025900635742877043,0.04723665564478896
2026-08-24,7270.T,2654.5,2668.0,2617.5,2647.009927859842,2655.5,-0.0003765769158350363,0.003591682419659792,0.0022654332641116603,0.016848554470610733,50.36496350364964,61.71532846715329,False,False,False,False,False,False,,2654.5,2666.0,2646.0,2657.0,False,False,False,False,,0.0009417969485778777,-0.0009409108016560364,-0.5059970014992476
2026-08-24,7272.T,1964.5,1974.5,1919.0,1953.7896785299952,1940.0,0.012628865979381398,-0.0017784552845528934,-0.0022854240731335906,0.4946070878274269,100.0,66.31386861313868,True,False,False,False,False,False,,1964.5,1982.5,1963.0,1979.0,False,False,False,False,,0.0073810129804021685,-0.0073269327943406015,-0.5064573309698672
2026-08-24,7309.T,20155.0,20475.0,20000.0,20204.561717352415,20360.0,-0.01006876227897835,0.00825412706353168,0.000993295257015081,0.08964409954508956,78.83211678832117,66.4963503649635,False,False,False,False,False,False,,20155.0,20210.0,20070.0,20100.0,False,False,False,False,,-0.0027288514016372556,0.002736318407960292,-1.5628815628815684
2026-08-24,7731.T,1984.5,2008.0,1965.0,1992.4769938650306,2008.0,-0.011703187250996061,-0.0075018754688672695,-0.006010518407212673,-0.0963096309630963,18.97810218978102,13.467153284671532,False,False,False,True,False,False,,1985.0,1996.5,1981.5,1985.5,False,False,False,False,,0.00025188916876572875,-0.0002518257365903276,-1.170318725099606
2026-08-24,7733.T,2154.0,2200.5,2152.5,2172.3554732700763,2168.5,-0.006686649757897123,0.001394700139470073,-0.0006958942240778976,0.2585606500290192,94.8905109489051,60.07299270072992,True,False,False,False,False,False,,2153.5,2163.0,2146.5,2153.5,False,False,False,False,,0.0,0.0,-2.11315610088616
2026-08-24,7735.T,13110.0,13460.0,13020.0,13261.332732691108,12970.0,0.010794140323824308,-0.008320726172465931,0.0007633587786259888,-0.22102102102102106,2.18978102189781,37.22627737226277,False,False,False,True,False,False,,13115.0,13265.0,13105.0,13170.0,False,False,False,False,,0.004193671368661889,-0.004176157934700053,-2.60029717682021
2026-08-24,7741.T,24960.0,25240.0,24915.0,25082.104010876956,24895.0,0.0026109660574411553,-0.0010006003602160973,-0.001799640071985631,0.002214170692431461,45.25547445255474,43.832116788321166,False,False,False,False,False,False,,24965.0,25035.0,24920.0,25000.0,False,False,False,False,,0.0014019627478469854,-0.0013999999999999568,-1.1093502377179099
2026-08-24,7751.T,4604.0,4638.0,4581.0,4611.123787461995,4593.0,0.0023949488351839854,0.0,-0.0010848340203948315,0.014131154780304689,48.9051094890511,49.01459854014598,False,False,False,False,False,False,,4604.0,4626.0,4596.0,4614.0,False,False,False,False,,0.002172024326672517,-0.0021673168617252214,-0.7330746011211753
2026-08-24,7752.T,1645.5,1659.0,1634.0,1647.4076912260966,1642.0,0.0021315468940317217,0.004272200183094377,-0.0012139605462822,0.05155299391610635,67.88321167883211,62.22627737226277,False,False,False,False,False,False,,1645.0,1661.5,1643.0,1660.5,False,False,False,False,,0.009422492401215843,-0.009334537789822295,-0.8137432188065064
