Code,is_lending
13010,True
13050,True
13060,True
13080,True
13090,True
130A0,False
13110,True
13200,True
13210,True
13220,True
13250,True
13260,True
13280,True
13290,True
13300,True
13320,True
13330,True
133A0,True
13430,True
13450,True
13460,True
13480,True
13490,True
13560,True
13570,True
13580,True
135A0,True
13600,True
13640,True
13650,True
13660,True
13670,True
13680,True
13690,True
13750,False
13760,False
13770,True
13790,True
137A0,False
13800,False
13810,False
13820,False
13830,False
13840,False
138A0,False
13970,True
13980,True
13990,True
14010,False
14070,True
140A0,True
14140,True
14170,True
14180,True
14190,True
141A0,True
14200,True
14290,True
142A0,False
14300,True
14310,True
14330,True
14340,True
14350,False
14360,False
14380,False
143A0,False
14430,False
14440,False
14460,True
14470,False
14500,False
14560,True
14570,True
14580,True
14590,True
145A0,False
14660,True
14690,True
146A0,False
14720,True
14730,True
14740,True
14750,True
14760,True
14770,True
14780,True
14790,True
147A0,True
14810,True
14820,True
14840,True
14860,True
14870,True
14880,True
14890,True
148A0,False
14900,True
14910,False
14930,True
14940,True
14950,True
14960,True
14970,True
14980,True
14990,True
149A0,False
150A0,False
15140,True
15150,True
15180,True
151A0,False
153A0,True
15400,True
15410,True
15420,True
15430,True
15450,True
15460,True
15470,True
15500,True
15510,True
15540,True
15550,True
15570,True
15590,True
155A0,True
15600,True
15630,True
15660,True
15680,True
15690,True
156A0,True
15700,True
15710,True
15720,True
15730,True
15770,True
15780,True
15790,True
157A0,False
15800,True
15850,True
15860,True
15910,True
15920,True
15930,True
15950,True
15960,True
15970,True
15990,True
159A0,True
16050,True
160A0,False
16150,True
16170,True
16180,True
16190,True
16200,True
16210,True
16220,True
16230,True
16240,True
16250,True
16260,True
16270,True
16280,True
16290,True
162A0,False
16300,True
16310,True
16320,True
16330,True
163A0,False
16510,True
16520,True
16530,True
16550,True
16560,True
16570,True
16580,True
16590,True
16600,True
16620,True
16630,True
166A0,True
16710,True
16720,True
16730,True
16740,True
16750,True
16760,True
16770,True
16780,True
167A0,True
16800,True
16810,True
16840,True
16850,True
16860,True
16870,True
16880,True
16890,True
168A0,False
16900,True
16910,True
16920,True
16930,True
16940,True
16950,True
16960,True
16970,True
16980,True
16990,True
170A0,True
17110,False
17160,True
17170,False
17180,False
17190,True
17200,True
17210,True
17230,False
17240,False
17360,False
173A0,False
17580,False
175A0,False
17620,True
17640,False
17660,True
17680,True
17700,False
17730,False
17800,True
17830,False
17860,True
17870,False
17880,False
178A0,True
17930,False
17980,False
17990,True
179A0,True
18010,True
18020,True
18030,True
18070,False
18080,True
180A0,True
18100,True
18110,True
18120,True
18130,True
18140,True
18150,True
181A0,True
18200,True
18220,True
18260,True
18270,True
18280,False
182A0,True
18330,True
18350,True
183A0,True
18400,True
18440,False
18470,False
18480,True
184A0,False
18500,False
18520,True
18530,False
18600,True
18610,True
18660,True
18670,True
186A0,True
18700,True
18710,True
18730,False
18780,True
18790,True
18820,True
18850,True
18870,True
18880,True
188A0,True
18930,True
18980,True
18990,True
189A0,False
19040,True
19050,False
19090,True
190A0,False
19110,True
19140,True
19210,True
19250,True
19260,True
19280,True
19290,True
192A0,False
19300,True
19340,True
19380,False
19390,True
19410,True
19420,True
19440,True
19450,True
19460,True
19480,False
194A0,False
19500,True
19510,True
19520,True
19590,True
195A0,False
19600,False
19610,True
19630,True
19640,True
19650,True
19660,True
19670,True
19680,True
19690,True
196A0,False
19720,True
19750,True
19760,True
19790,True
197A0,True
19800,True
19810,False
19820,True
198A0,False
19920,False
19940,False
19970,False
20010,True
20020,True
20030,True
20040,True
20090,False
200A0,True
20110,True
20120,True
20130,True
20140,True
20150,True
20160,True
20170,True
20180,True
20190,True
201A0,True
20310,False
20320,False
20330,False
20340,False
20360,False
20370,False
20380,False
20390,False
20400,False
20410,False
20420,False
20430,False
20440,False
20460,False
20480,False
20530,True
20550,True
205A0,False
20600,True
20650,False
206A0,False
20700,False
20710,False
20720,False
20800,True
20810,True
20820,True
20830,True
20840,True
20850,True
20860,True
20870,True
20880,True
20890,True
208A0,False
20900,True
20910,True
20920,True
20930,True
20940,True
20950,True
20960,True
20970,True
20980,True
21080,True
21090,True
210A0,True
21120,True
21140,True
21170,True
211A0,False
21200,True
21210,True
21220,False
21240,True
21270,True
212A0,False
21300,True
21340,False
21360,False
21380,True
21390,True
213A0,True
21460,True
21480,False
21520,False
21530,False
21540,True
21560,False
21570,True
21580,False
215A0,True
21600,True
21620,False
21630,False
21640,False
21680,True
21690,True
21700,True
21730,True
21750,True
21790,True
21800,False
21810,True
21830,False
21850,False
21860,False
218A0,False
21930,True
21950,False
21980,True
219A0,True
22010,True
22040,True
22060,True
22070,True
22080,False
22090,False
220A0,False
22110,True
22120,True
22150,True
22160,True
22170,True
221A0,True
22200,True
22210,False
22220,True
22240,False
22260,True
22290,True
22350,True
22360,True
22370,True
22380,True
22390,True
223A0,True
22400,True
22410,True
22420,True
22430,True
22440,True
22470,True
22480,True
22490,True
224A0,True
22500,True
22510,True
22520,True
22530,True
22540,True
22550,True
22560,True
22570,True
22580,True
22590,True
22640,True
22660,True
22670,True
22680,False
22690,True
22700,True
22810,True
22820,True
22860,True
22880,True
228A0,False
22910,True
22920,True
22930,False
22940,True
22960,True
23000,False
23010,True
23030,False
23040,True
23050,True
23070,False
23110,False
23150,True
23170,True
23210,False
23230,False
23250,True
23260,True
23270,True
23290,False
23300,False
23310,True
23320,True
23340,False
23350,True
23370,True
23380,False
233A0,True
23400,False
23410,False
23420,False
23450,False
234A0,True
23510,False
23530,True
23540,False
23590,True
235A0,True
236A0,True
23700,False
23710,True
23730,False
23750,False
23760,False
23780,True
23790,True
237A0,True
23840,True
23850,False
23880,False
238A0,True
23910,False
23930,False
23950,True
24040,True
24080,False
24100,True
24110,True
24130,True
24150,False
24180,True
241A0,True
24240,False
24250,False
24280,True
24290,True
24320,True
24330,True
24350,True
24360,False
24370,False
24380,True
24400,True
24450,True
24490,False
244A0,False
24540,False
24590,False
245A0,False
24610,True
24620,True
24640,True
24690,False
246A0,False
24710,True
24750,True
24770,True
24790,False
247A0,False
24800,False
24810,False
24830,False
24840,True
24850,True
24880,False
24890,True
248A0,False
24910,True
24920,True
24930,False
24970,True
24980,False
24990,False
25010,True
25020,True
25030,True
250A0,False
25100,True
25110,True
25120,True
25130,True
25140,True
25150,True
25160,True
25170,True
25180,True
25190,True
25200,True
25210,True
25220,True
25230,True
25240,True
25250,True
25260,True
25270,True
25280,True
25290,True
25300,True
25310,True
25330,True
253A0,True
254A0,False
25520,True
25530,True
25540,True
25550,True
25560,True
25570,True
25580,True
25590,True
255A0,True
25600,True
25610,True
25620,True
25630,True
25640,True
25650,True
25660,True
25670,True
25680,True
25690,True
256A0,True
25730,False
25790,True
257A0,True
25850,True
25860,False
25870,True
25880,False
258A0,True
25900,True
25930,True
25935,True
25940,True
25970,False
26020,True
26070,True
26120,False
26130,True
261A0,False
26200,True
26210,True
26220,True
26230,True
26240,True
26250,True
26260,True
26270,True
26280,True
26290,True
262A0,False
26300,True
26310,True
26320,True
26330,True
26340,True
26360,True
26370,True
26380,True
26390,True
26400,True
26410,True
26420,True
26430,True
26440,True
26450,True
26460,True
26470,True
26480,True
26490,True
264A0,False
26520,True
26530,False
26540,True
26560,False
26590,True
265A0,False
26640,True
26660,False
26670,True
26680,False
26690,True
26700,True
26730,False
26740,True
26760,True
26780,True
26810,True
26830,False
26850,True
26870,True
26890,True
268A0,False
26930,False
26940,True
26950,True
26980,True
269A0,False
27000,False
27020,True
27050,True
27080,False
27210,False
27220,True
27260,True
27300,True
27330,True
27340,True
27350,True
27360,False
27370,False
273A0,True
27420,True
27470,False
27490,True
274A0,False
27500,True
27510,True
27520,True
27530,False
27600,True
27620,False
27640,False
27670,False
27680,True
27690,False
276A0,False
27760,False
27780,True
277A0,False
27800,False
27820,True
27840,True
27880,False
27890,False
278A0,False
27900,False
27910,True
27920,True
27960,True
27980,False
28010,True
28020,True
28040,True
28050,False
28060,False
28090,True
280A0,False
28100,True
28110,True
28130,False
28140,False
28150,True
28160,True
28180,True
28190,True
281A0,False
28200,False
282A0,True
28310,False
28360,True
28370,True
28380,True
28390,True
283A0,True
28400,True
28410,True
28420,True
28430,True
28440,True
28450,True
28460,True
28470,True
28480,True
28490,True
28510,True
28520,True
28530,True
28540,True
28550,True
28560,True
28570,True
28580,True
28590,True
285A0,True
28600,True
28610,True
28620,True
28640,True
28650,True
28660,True
28670,True
28680,True
28690,True
286A0,True
28700,True
28710,True
28720,False
28740,True
28750,True
28760,False
28770,False
287A0,False
28820,True
28830,False
28840,True
288A0,False
28920,False
28940,False
28970,True
29010,False
29030,True
29040,True
29070,True
29080,True
290A0,False
29100,True
29110,False
29140,True
29150,True
29160,False
29170,False
29180,True
291A0,False
29220,True
29230,False
29240,True
29260,True
29270,False
29290,True
29300,True
29310,True
29320,False
29330,True
29340,False
29350,False
29360,True
29370,True
29380,True
295A0,True
29610,False
29620,False
296A0,True
29700,False
29710,True
29720,False
29750,True
29780,False
29790,True
297A0,False
29800,True
29810,False
29820,True
29830,False
29840,True
29860,True
29890,False
298A0,False
29910,False
29930,False
29970,False
29980,False
29990,False
299A0,True
30010,True
30020,True
30030,True
30040,True
300A0,False
30100,False
30110,False
30200,False
30210,False
30230,True
30240,False
30280,True
30300,False
30310,True
30340,True
30350,True
30360,True
30380,True
303A0,False
30400,False
30410,True
30420,True
30450,False
30460,True
30480,True
304A0,False
30500,True
30530,True
30540,False
30580,True
30590,True
30630,True
30640,True
30650,False
30670,True
30680,False
30690,True
30700,False
30710,False
30750,False
30760,True
30770,True
30790,True
30800,False
30820,True
30830,False
30860,True
30870,True
30880,True
30890,True
30910,False
30920,True
30930,True
30960,False
30970,True
30990,True
31010,True
31030,True
31040,True
31050,True
31060,True
31070,True
31090,True
31100,True
31110,False
31130,False
31160,True
31210,True
31230,False
31310,False
31320,True
31330,False
31340,True
31350,True
31370,True
31380,False
31390,True
313A0,True
31400,True
31430,False
31480,True
314A0,True
31500,True
31510,True
31530,False
31540,True
31560,True
31570,False
31590,True
315A0,True
31600,True
31610,False
31660,True
31670,True
31680,True
31690,False
316A0,True
31720,True
31730,False
31740,False
31750,False
31760,True
31770,False
31780,True
31790,True
31800,True
31810,False
31820,True
31830,True
31850,False
31860,True
31870,True
31890,False
318A0,True
31900,False
31910,True
31920,False
31930,True
31950,True
31960,True
31970,True
31990,True
319A0,False
32010,True
32020,False
32040,True
32050,True
32210,True
32220,True
32240,False
32260,True
32310,True
32320,True
32340,True
32360,False
32370,False
32380,False
323A0,False
32410,True
32420,True
32450,True
32460,False
32480,False
32490,True
324A0,False
32520,True
325A0,True
32610,False
32660,False
32670,False
32690,True
32760,True
32770,True
32790,True
32800,True
32810,True
32820,True
32830,True
32840,True
32860,False
32870,True
32880,True
32890,True
328A0,True
32900,True
32910,True
32920,True
32930,False
32950,True
32960,True
32970,False
32990,True
33000,False
33020,True
33060,False
33090,True
330A0,False
33150,True
33170,False
331A0,False
33200,True
33210,True
33230,False
33260,False
33290,True
332A0,True
33330,True
33490,True
334A0,False
33500,False
33520,False
33530,False
33550,False
33580,False
33590,True
335A0,False
33600,True
33610,False
336A0,False
33700,False
33710,True
33720,True
33740,True
33750,False
33770,True
33820,True
33860,True
33870,True
33880,True
338A0,False
33910,True
33920,False
33930,True
33950,True
33960,False
33970,True
33990,True
339A0,False
34010,True
34020,True
34050,True
34070,True
34090,False
340A0,False
34150,True
34160,False
34170,False
34180,False
341A0,False
34200,False
34210,False
34220,True
34230,True
34260,False
34310,True
34330,True
34340,False
34350,False
34360,True
34370,False
34390,False
343A0,False
34400,False
34410,False
34430,True
34440,True
34450,True
34460,True
34470,False
34490,True
34510,False
34520,True
34540,True
34550,True
34570,True
34590,True
345A0,False
34610,False
34620,True
34630,False
34650,True
34660,True
34670,False
34680,True
34690,False
346A0,True
34700,False
34710,True
34720,False
34740,False
34750,True
34760,True
34770,False
34790,True
34800,True
34810,True
34820,True
34840,True
34860,True
34870,True
34880,False
34890,True
348A0,True
34900,False
34910,False
34920,True
34940,False
34950,False
34960,False
34980,True
349A0,True
35010,True
350A0,True
35120,False
35130,False
35210,True
35240,False
35290,True
352A0,False
35360,False
35370,False
35380,True
35390,True
35420,True
35430,True
35440,True
35470,True
35480,True
35490,True
354A0,True
35500,False
35510,False
35530,True
35560,False
35570,False
35580,False
35590,True
35600,False
35610,True
35620,False
35630,True
35650,True
35660,False
35690,True
356A0,True
35710,True
35770,False
35800,True
35830,False
35910,True
35970,False
35980,False
36070,False
36080,True
36110,True
36120,True
36220,False
36230,False
36240,False
36250,False
36260,True
36270,True
36280,False
36320,True
36330,False
36340,False
36350,True
36360,True
36390,True
363A0,True
36400,True
36410,False
36450,True
36460,False
36470,False
36480,True
36490,True
364A0,True
36520,False
36530,True
36560,True
36570,True
36590,True
365A0,False
36600,True
36610,True
36620,True
36630,True
36640,True
36650,True
36670,True
36680,True
366A0,False
36700,False
36710,False
36720,False
36730,True
36740,True
36750,True
36760,True
36780,True
36790,True
367A0,False
36800,True
36820,True
36830,True
36860,True
36870,True
368A0,False
36900,True
36910,False
36920,True
36940,True
36950,False
36960,True
36970,True
36980,True
369A0,False
37080,True
37100,True
37120,True
37190,False
37230,False
37260,False
37270,False
372A0,False
37330,True
373A0,False
37410,True
37440,True
37470,True
37500,False
37530,False
37580,True
37600,False
37620,True
37630,False
37650,True
37660,False
37680,True
37690,True
376A0,True
37710,True
37720,False
37730,True
37740,True
37760,False
37770,False
37780,True
37790,False
37870,False
37880,True
378A0,False
37910,True
37930,True
37960,True
37980,False
37990,True
379A0,True
38000,False
38020,False
38030,False
38040,False
38070,True
380A0,True
38100,False
38150,False
38160,False
38170,True
381A0,True
38230,False
38250,False
38260,True
382A0,True
38340,True
38350,True
38360,True
38370,True
38390,True
383A0,True
38400,False
38410,False
38420,False
38430,True
38440,True
38450,False
38480,True
38500,False
38510,True
38530,True
38540,False
38560,False
38580,False
38610,True
38630,True
38640,True
38650,True
386A0,False
38770,True
38780,True
387A0,False
38800,True
38910,True
38920,True
38950,False
38960,False
39000,True
39010,True
39030,True
39040,False
39050,True
39070,False
39080,False
39090,False
39100,False
39110,False
39120,True
39130,False
39140,True
39150,True
39160,True
39170,True
39180,False
39200,True
39210,True
39220,True
39230,True
39250,False
39260,False
39270,False
39280,True
39290,False
392A0,False
39300,False
39310,False
39320,True
39330,True
39340,False
39350,False
39360,False
39370,True
39390,True
39400,True
39410,True
39430,False
39440,False
39450,False
39460,True
39470,True
39480,False
394A0,False
39500,True
39510,True
39530,False
39550,True
39580,False
395A0,False
39620,True
39630,True
39640,True
39650,False
39670,False
39680,True
39690,False
396A0,False
39700,False
39740,False
39760,False
39790,False
39810,False
39830,True
39840,True
39850,False
39860,False
39870,True
39880,False
39890,False
39910,False
39920,True
39930,True
39940,True
39960,True
39970,True
39980,True
399A0,False
40040,True
40050,True
40080,True
40110,False
40120,True
40130,True
40140,False
40150,False
40160,False
40170,False
40190,True
401A0,False
40200,False
40210,True
40220,True
40230,True
40250,True
40260,True
40270,True
40280,True
402A0,False
40310,True
40400,False
40410,True
40420,True
40430,True
40440,True
40450,True
40460,True
40470,True
404A0,False
40510,False
40520,False
40530,True
40540,True
40550,True
40560,False
40570,False
40580,True
40590,False
40600,True
40610,True
40620,True
40630,True
40640,True
40680,False
40690,False
40710,True
40720,True
40730,False
40740,True
40750,False
40760,False
40780,True
407A0,False
40820,True
40880,True
408A0,False
40910,True
40920,True
40930,False
40940,False
40950,True
40970,True
40980,False
40990,True
409A0,True
41000,True
41020,False
41070,False
41090,True
410A0,False
41120,True
41130,False
41140,True
41160,True
41180,True
41190,False
41200,False
41240,False
41250,False
412A0,False
413A0,False
414A0,True
41510,True
415A0,False
41650,True
41660,False
41670,True
41680,True
41690,True
416A0,True
41700,True
41710,False
41720,False
41740,False
41750,False
41760,True
41770,False
41780,False
41790,False
417A0,True
41800,False
41820,True
41830,True
41860,True
41870,True
41880,True
41890,True
41920,True
41930,False
41940,True
41960,False
41970,False
41980,False
41990,False
42020,True
42030,True
42040,True
42050,True
42060,True
42080,True
42120,True
42160,True
42180,True
421A0,False
42200,True
42210,True
42220,False
42240,False
42280,True
42290,True
42310,True
42340,False
42350,False
42370,True
42380,False
423A0,False
42400,False
42410,False
42420,True
42430,False
42450,True
42460,True
42470,False
42480,True
42490,True
424A0,False
42510,True
42550,False
42560,False
42580,True
42590,False
425A0,False
42600,False
42610,False
42620,True
42630,True
42640,False
42650,False
426A0,False
42700,False
42720,True
42740,False
42750,True
42840,False
42860,True
42870,False
42880,True
428A0,False
42900,True
42930,True
42990,True
429A0,True
43010,True
43070,True
43080,False
43100,True
43160,False
43170,False
43180,True
431A0,False
43200,False
43230,True
43240,True
43260,True
43310,False
43340,False
43350,False
43370,True
43410,False
43430,True
43440,True
43450,True
43460,True
43470,True
43500,False
43510,True
43560,False
435A0,True
43600,False
43610,False
43620,True
43650,False
43660,False
43680,True
43690,True
436A0,False
43700,False
43710,True
43720,False
43730,True
43740,False
43750,True
43760,False
43770,False
43780,False
43790,False
43800,False
43810,False
43820,True
43850,True
43860,True
43870,False
43880,True
438A0,False
43900,True
43910,False
43920,True
43930,True
43940,False
43950,False
43960,True
43970,False
43980,False
44010,True
44030,True
44040,True
44060,True
44090,False
44100,True
44120,False
44130,False
44140,False
44150,False
44160,False
44170,False
44180,True
44190,False
441A0,True
44200,True
44210,False
44220,False
44240,True
44250,True
44270,False
44280,True
44290,True
442A0,False
44300,False
44310,True
44320,True
44330,False
44340,True
44360,True
44370,False
44380,False
44390,True
443A0,False
44400,True
44410,False
44420,True
44430,True
44440,False
44450,False
44460,True
44470,True
44480,True
44500,False
44520,True
44610,True
44620,True
44630,False
44640,True
44650,True
446A0,True
44710,True
44750,True
44760,False
44770,True
44780,True
44790,False
447A0,False
44800,True
44810,True
44820,True
44830,True
44840,False
44860,True
44870,False
44880,False
448A0,False
44900,False
44910,False
44920,False
44930,True
44950,True
44960,False
44980,True
44990,True
449A0,False
45020,True
45030,True
45060,True
45070,True
450A0,False
45120,True
45160,True
45190,True
451A0,False
45210,True
45230,True
45240,True
45260,True
45270,True
45280,True
452A0,False
45310,True
45340,True
45360,True
45380,True
45390,False
453A0,False
45400,True
45430,True
45440,True
45470,True
45480,True
45490,True
45520,True
45530,True
45540,True
45580,False
45590,True
45630,False
45640,True
45650,True
45680,True
45690,True
456A0,True
45700,False
45710,False
45720,False
45740,True
45750,False
45760,False
45770,True
45780,True
45790,False
45820,False
45830,False
45840,False
45860,False
45870,True
45880,False
45910,False
45920,False
45930,True
45940,False
45950,False
45960,False
45970,True
45980,False
45990,False
459A0,False
460A0,False
46110,True
46120,True
46130,True
46150,False
46160,False
46170,True
46190,True
461A0,False
46200,True
46230,True
46240,False
46250,False
46260,True
46270,False
46280,False
46290,False
462A0,False
46310,True
46330,True
46340,True
46350,False
463A0,True
46410,True
46420,False
46440,True
46450,False
464A0,True
46500,False
46510,True
46570,False
46580,True
465A0,False
46610,True
46620,False
46640,False
46650,True
46660,True
46670,False
46680,True
466A0,False
46710,True
46730,False
46740,True
46760,True
46780,True
46790,False
467A0,False
46800,True
46810,True
46840,False
46850,False
46860,True
46870,True
46890,True
468A0,False
46910,False
46940,True
469A0,False
47040,True
47050,False
47070,False
47090,True
47120,True
47140,True
47160,True
47180,True
47190,True
471A0,False
47200,False
47220,True
47250,True
47280,False
472A0,False
47320,True
47330,False
47350,False
47360,False
473A0,False
47430,True
47460,True
47500,True
47510,True
47520,False
47540,False
47550,True
475A0,False
47600,False
47610,False
47620,False
47630,True
47650,True
47660,False
47670,False
47680,True
476A0,False
47710,True
47720,False
47760,True
47770,False
477A0,False
47830,True
47840,False
478A0,False
47920,True
479A0,False
48000,True
48010,False
48090,False
480A0,False
48110,False
48120,True
48130,True
48140,True
48160,True
48190,True
48200,True
48250,True
48260,True
48280,True
48290,True
48320,False
48330,False
48380,False
48390,True
483A0,False
48400,False
48450,True
48470,True
48480,True
48490,True
485A0,False
486A0,False
48750,False
487A0,False
48800,True
48810,False
48820,False
48830,False
48840,False
48850,True
48860,True
48870,True
48880,False
48890,False
488A0,False
48900,False
48910,False
48920,False
48930,True
48940,False
48960,False
489A0,False
49010,True
49020,True
49110,True
49120,True
49140,True
49180,False
49190,True
491A0,True
49200,False
49220,True
49230,True
49250,True
49260,False
49270,True
49280,True
49290,True
492A0,False
49310,True
49320,False
49330,True
49340,True
49350,False
49360,True
49370,False
49510,True
49560,True
49580,True
495A0,False
49600,True
49660,False
49670,True
49680,True
496A0,False
49700,False
49710,True
49720,False
49730,False
49750,True
49760,False
49770,True
49780,False
49790,False
49800,True
49850,True
498A0,False
49900,False
49920,True
49940,True
49960,True
49970,True
49980,True
499A0,False
500A0,False
50100,False
50110,True
50130,True
50150,False
50160,True
50180,True
50190,True
50200,True
50210,True
50250,False
50260,False
50270,False
50280,False
50290,False
502A0,False
50310,False
50320,True
50330,True
50340,False
50350,False
50360,True
50380,False
504A0,False
505A0,False
50710,True
50740,True
50760,True
50765,False
50780,False
50790,False
509A0,False
51010,True
51030,False
51050,True
51080,True
51100,True
51210,True
51220,True
51250,False
51260,False
51290,True
512A0,False
51310,True
51320,True
51330,False
51340,False
51360,False
51370,True
51380,False
51390,False
513A0,True
51420,True
515A0,False
51610,False
51620,True
516A0,False
517A0,False
51840,True
51850,True
51860,True
51870,False
51890,False
518A0,False
51920,True
51940,False
51950,True
51990,False
519A0,False
52010,True
52020,True
52040,True
52080,True
520A0,False
52100,True
52140,True
52160,False
52180,True
521A0,True
52320,True
52330,True
52370,True
523A0,False
52400,True
52420,False
52430,False
52440,True
52460,False
52470,False
52480,False
52500,False
52520,False
52530,True
52540,False
52550,False
52560,False
52570,False
52580,True
52610,False
52620,True
52680,False
52690,True
526A0,False
52710,False
52730,True
52790,False
52800,False
52820,False
52830,False
52840,False
52850,True
52870,False
52880,False
52900,True
53010,True
53020,True
53040,True
530A0,False
53100,True
531A0,False
532A0,False
53310,True
53320,True
53330,True
53340,True
53370,True
533A0,False
53410,True
53440,True
534A0,False
53510,True
53550,False
53560,True
53570,True
535A0,False
53630,True
53670,True
53680,False
536A0,False
537A0,False
53800,False
53810,True
53840,True
53880,True
538A0,False
53910,True
53930,True
539A0,False
54010,True
54060,True
54080,True
540A0,False
54100,True
54110,True
541A0,False
54230,True
542A0,False
543A0,True
54400,True
54440,True
54450,False
54460,False
54490,True
544A0,True
54510,True
54580,False
545A0,False
54610,True
54630,True
54640,True
546A0,True
54710,True
547A0,True
54800,True
54820,True
54840,False
548A0,False
54910,True
549A0,False
550A0,False
55270,False
552A0,False
55320,False
55330,False
55350,False
55370,False
55410,True
55420,False
554A0,False
55630,True
556A0,False
55700,False
55710,False
55720,False
55740,False
55750,False
55760,False
55780,False
55800,False
55820,False
55860,False
55870,False
55880,False
55890,True
558A0,False
55900,True
55910,False
55920,False
55970,False
55990,False
559A0,False
56020,True
56030,True
56090,True
56120,False
56160,False
56180,False
56210,False
56310,True
56320,True
563A0,True
56440,False
564A0,False
56580,True
56590,True
56600,True
566A0,False
568A0,False
56950,False
56970,False
56980,False
56990,False
569A0,False
57020,True
57030,True
57040,False
57060,True
57070,True
570A0,False
57110,True
57130,True
57140,True
57150,True
571A0,False
57210,False
57240,False
57260,True
57290,False
572A0,False
573A0,False
57410,True
57420,True
57530,False
57570,False
575A0,False
576A0,False
577A0,False
578A0,False
579A0,False
58010,True
58020,True
58030,True
58050,True
580A0,False
58160,True
58170,False
58190,False
581A0,False
58200,False
58210,False
58300,True
58310,True
58320,True
58340,True
58380,True
58420,False
58430,False
58440,True
58450,True
584A0,False
58510,True
58520,True
58570,True
58580,False
585A0,False
58670,False
58680,False
58690,True
586A0,False
58700,False
58710,True
587A0,False
58840,False
58850,True
58880,False
58890,False
58910,False
58920,False
589A0,False
59010,True
59020,True
59050,False
59060,False
59090,False
590A0,True
59110,True
59150,True
59180,False
59210,False
59220,False
59230,True
59280,True
59290,True
59300,True
59320,True
59330,True
59360,True
59380,True
59390,False
593A0,False
59400,False
59410,True
59420,False
59430,True
59450,False
59460,True
59470,True
59490,True
59500,True
59510,True
59520,False
59550,True
59560,True
59570,True
59580,True
59590,True
59620,False
59650,False
59660,False
59670,False
59690,False
59700,True
59710,False
59730,False
59750,True
59760,True
59810,True
59820,False
59830,False
59840,False
59850,True
59860,True
59870,False
59880,True
59890,True
598A0,False
59900,False
59910,True
59920,True
59940,False
59980,True
60050,True
600A0,False
60130,True
60160,False
60180,False
60220,False
60230,True
60270,True
60290,False
60300,False
60310,True
60330,True
60340,True
60350,True
60360,True
60370,True
60380,True
60390,False
603A0,False
60400,False
60420,False
60440,False
60450,True
60460,True
60470,True
60490,False
604A0,False
60500,True
60540,True
60550,True
60580,True
60590,True
605A0,False
60610,False
60620,True
60630,False
60690,True
606A0,False
60700,True
60710,True
60720,True
60730,True
60740,False
60780,True
60800,True
60810,True
60820,False
60830,True
60850,False
60860,False
60870,False
60880,True
60890,True
608A0,False
60900,False
60910,True
60920,True
60930,True
60940,False
60980,True
60990,True
609A0,False
61010,True
61030,True
61040,True
610A0,False
61130,True
61180,True
611A0,False
61250,False
612A0,False
61340,True
61350,True
61360,True
61370,True
61380,False
61400,True
61410,True
61430,True
61440,False
61450,True
61460,True
61470,False
61490,False
61500,False
61510,True
61550,False
61560,False
61570,True
61580,True
61590,False
61610,False
61650,True
61660,False
61670,True
61710,True
61760,False
61770,False
61780,True
61800,False
61810,False
61820,True
61830,True
61840,True
61850,True
61860,False
61890,True
61900,False
61910,True
61930,False
61940,True
61950,False
61960,True
61970,False
61980,False
61990,True
62000,True
62030,True
62080,True
62090,True
62170,True
62180,True
62220,True
62230,True
62240,False
62260,True
62270,True
62280,False
62290,False
62300,False
62310,False
62320,True
62330,False
62350,True
62370,True
62380,True
62390,False
62400,True
62450,True
62460,True
62470,True
62480,False
62490,False
62500,True
62540,True
62550,True
62570,True
62580,True
62620,True
62640,True
62650,False
62660,True
62670,False
62680,True
62690,True
62720,True
62730,True
62760,False
62770,True
62780,True
62790,True
62820,True
62840,True
62860,False
62870,True
62890,True
62910,False
62920,False
62940,True
62980,True
63010,True
63020,True
63050,True
63060,True
63070,False
63090,False
63100,True
63150,True
63160,True
63170,True
63220,False
63230,True
63240,True
63250,True
63260,True
63270,False
63280,True
63300,True
63310,True
63320,True
63330,True
63340,False
63350,True
63360,False
63370,False
63380,True
63390,True
63400,True
63420,False
63430,True
63450,True
63470,False
63490,True
63510,True
63560,True
63570,True
63580,True
63600,False
63610,True
63630,True
63640,True
63650,False
63660,True
63670,True
63680,True
63690,True
63700,True
63710,True
63760,True
63780,True
63790,True
63800,False
63810,True
63820,False
63830,True
63840,False
63870,False
63900,True
63910,False
63920,False
63930,True
63950,True
64000,True
64020,False
64050,False
64070,True
64080,False
64120,True
64130,True
64170,True
64180,True
64190,True
64200,True
64240,False
64250,True
64280,True
64300,True
64320,True
64330,False
64360,True
64400,True
64440,True
64450,True
64480,True
64540,True
64550,True
64570,True
64580,True
64590,True
64600,True
64630,True
64640,True
64650,True
64660,True
64670,False
64690,False
64700,True
64710,True
64720,True
64730,True
64740,True
64790,True
64800,True
64810,True
64820,True
64840,False
64850,True
64860,True
64880,False
64900,True
64920,False
64930,False
64940,False
64950,False
64960,True
64970,False
64980,True
65010,True
65030,True
65040,True
65050,True
65060,True
65070,True
65080,True
65130,False
65160,True
65170,True
65180,False
65210,False
65220,True
65230,False
65240,True
65250,True
65260,True
65320,True
65330,False
65350,True
65370,True
65380,True
65390,True
65400,True
65430,False
65440,True
65450,True
65460,True
65470,True
65480,False
65490,False
65510,True
65520,True
65540,False
65550,False
65570,False
65580,False
65600,True
65610,False
65620,True
65630,True
65640,False
65660,True
65680,False
65700,True
65710,False
65720,True
65730,False
65740,False
65770,False
65780,False
65790,False
65800,True
65840,True
65860,True
65880,True
65900,True
65920,True
65940,True
65960,False
65970,False
65990,False
66120,False
66130,False
66140,True
66150,True
66160,False
66170,True
66190,True
66200,True
66220,True
66250,True
66260,False
66270,False
66290,True
66300,True
66320,True
66330,True
66340,True
66350,True
66370,False
66380,True
66430,True
66440,True
66450,True
66470,False
66480,False
66510,True
66520,True
66530,True
66540,True
66560,True
66580,False
66590,True
66620,False
66630,False
66640,True
66660,False
66680,False
66740,True
66750,True
66760,True
66770,False
66780,False
66940,False
66960,False
66990,False
67010,True
67020,True
67030,True
67060,True
67070,True
67180,True
67210,False
67230,True
67240,True
67270,True
67280,True
67300,True
67310,False
67360,True
67370,True
67400,False
67410,True
67420,True
67430,False
67440,True
67450,True
67480,True
67500,True
67520,True
67530,True
67540,True
67570,False
67580,True
67620,True
67630,True
67680,True
67690,False
67700,True
67710,True
67720,False
67750,False
67760,False
67770,False
67780,True
67790,False
67850,True
67860,False
67870,True
67880,True
67940,True
67970,False
67980,True
68000,True
68030,True
68040,True
68060,True
68070,True
68090,True
68100,True
68140,True
68170,True
68190,False
68200,True
68220,False
68230,True
68240,False
68320,False
68340,True
68350,False
68360,False
68370,False
68380,False
68400,False
68410,True
68440,True
68450,True
68480,True
68490,True
68500,True
68530,True
68550,True
68560,True
68570,True
68580,False
68590,True
68610,True
68620,False
68630,False
68640,False
68660,True
68670,False
68690,True
68700,False
68710,True
68740,True
68750,True
68770,True
68820,True
68880,True
68900,True
68940,False
68970,False
68980,False
68990,False
69020,True
69040,False
69050,True
69070,False
69080,True
69120,False
69140,True
69150,True
69180,False
69190,True
69200,True
69230,True
69250,True
69260,True
69270,False
69280,False
69290,True
69320,True
69410,True
69420,False
69430,False
69460,False
69470,True
69510,True
69520,True
69540,True
69550,False
69580,True
69600,True
69610,True
69620,True
69630,True
69640,False
69650,True
69660,True
69690,True
69710,True
69760,True
69770,False
69810,True
69820,False
69860,True
69880,True
69890,True
69930,True
69940,True
69950,True
69960,True
69970,True
69980,True
69990,True
70030,True
70040,True
70110,True
70120,True
70130,True
70140,True
70180,False
70210,False
70220,True
70300,True
70310,False
70330,True
70340,False
70350,True
70360,False
70370,False
70380,False
70390,True
70400,False
70410,False
70420,False
70430,False
70440,False
70460,False
70470,True
70480,True
70490,True
70500,False
70570,False
70580,False
70590,True
70600,True
70610,True
70620,False
70630,False
70640,False
70650,True
70660,False
70680,True
70690,False
70710,True
70720,False
70730,False
70740,False
70750,False
70770,False
70780,False
70790,False
70800,False
70820,False
70830,False
70840,False
70850,True
70870,True
70890,False
70900,False
70910,False
70930,False
70940,True
70950,False
70960,True
70970,False
71020,True
71100,True
71110,False
71120,False
71140,False
71150,False
71190,True
71200,False
71220,True
71260,False
71270,False
71280,True
71290,False
71300,True
71310,False
71330,False
71340,True
71350,True
71380,False
71400,False
71480,True
71500,True
71570,True
71610,True
71620,False
71640,True
71670,True
71720,True
71730,True
71750,False
71770,False
71800,True
71810,True
71820,True
71830,True
71840,True
71850,False
71860,True
71870,True
71890,True
71910,True
71920,True
71960,False
71980,True
71990,True
72010,True
72020,True
72030,True
72080,False
72110,True
72120,True
72130,True
72140,True
72150,False
72170,False
72180,False
72190,False
72200,True
72220,True
72240,True
72260,True
72280,False
72310,True
72350,False
72360,True
72380,True
72390,True
72400,True
72410,True
72420,True
72440,True
72450,True
72460,True
72470,False
72540,False
72550,False
72560,True
72590,True
72610,True
72640,False
72650,False
72660,True
72670,True
72690,True
72700,True
72710,False
72720,True
72730,False
72760,True
72770,True
72780,True
72790,True
72800,True
72820,True
72830,True
72840,False
72870,True
72910,True
72920,False
72940,True
72960,True
72970,False
72990,False
73050,True
73090,True
73130,True
73140,False
73180,False
73200,False
73220,True
73250,False
73260,False
73270,True
73370,True
73430,False
73450,False
73470,True
73500,True
73510,False
73520,False
73530,False
73540,True
73560,True
73570,False
73580,False
73590,False
73600,False
73610,False
73620,False
73630,False
73660,True
73670,False
73680,True
73690,False
73700,True
73710,True
73720,True
73730,True
73740,False
73750,False
73760,False
73770,False
73780,True
73800,True
73810,True
73830,True
73840,True
73880,True
73890,True
73990,False
74090,False
74120,True
74130,False
74140,True
74160,True
74170,True
74190,True
74210,True
74220,False
74260,False
74270,True
74330,True
74340,False
74350,False
74380,True
74420,True
74430,True
74440,False
74460,False
74470,True
74530,True
74560,True
74580,True
74590,True
74600,True
74610,False
74620,False
74630,True
74640,False
74660,True
74720,True
74750,True
74760,True
74770,False
74800,True
74810,False
74820,True
74830,True
74860,False
74870,True
74900,False
74940,True
75010,False
75020,False
75040,True
75050,False
75060,True
75080,True
75090,False
75100,True
75120,True
75130,True
75140,False
75160,True
75200,False
75210,False
75220,True
75230,True
75240,True
75250,True
75270,False
75310,False
75320,True
75370,True
75380,True
75390,True
75440,True
75450,True
75500,True
75505,False
75510,True
75520,True
75540,True
75550,False
75610,True
75620,False
75640,True
75650,False
75670,False
75700,True
75710,True
75750,True
75780,False
75810,True
75850,False
75900,False
75930,True
75950,True
75960,False
75990,True
76000,True
76010,False
76020,True
76030,True
76040,False
76060,True
76070,True
76080,True
76090,True
76100,True
76110,True
76130,True
76140,False
76150,True
76160,True
76190,True
76210,False
76240,False
76250,True
76280,True
76300,True
76340,False
76360,False
76370,True
76380,True
76400,True
76430,False
76460,False
76490,True
76700,False
76730,False
76740,False
76770,False
76780,True
76790,True
76820,False
76830,False
76850,False
76860,True
76870,False
76890,False
76920,False
76940,False
76950,False
76980,False
76990,False
77010,True
77020,True
77070,True
77090,False
77110,False
77130,False
77150,True
77160,True
77170,True
77190,False
77210,True
77220,False
77230,True
77250,True
77260,True
77270,True
77290,True
77300,True
77310,True
77330,True
77340,True
77350,True
77400,True
77410,True
77430,True
77440,True
77450,True
77460,True
77470,True
77490,False
77510,True
77520,True
77600,False
77620,True
77690,True
77710,False
77740,True
77750,False
77760,False
77770,False
77790,True
77800,True
77810,False
77820,True
77910,False
77920,False
77930,False
77940,False
77950,True
78000,False
78030,True
78040,False
78050,True
78060,True
78070,False
78080,False
78090,False
78100,True
78110,True
78120,True
78130,False
78140,True
78150,False
78180,True
78190,True
78200,True
78210,True
78220,True
78230,True
78260,True
78270,False
78310,False
78320,True
78330,True
78360,False
78370,True
78390,True
78400,True
78410,False
78440,True
78460,True
78470,False
78490,False
78500,False
78510,False
78560,True
78570,False
78590,True
78600,True
78630,False
78640,True
78650,False
78670,True
78680,True
78710,False
78720,False
78740,True
78750,False
78770,False
78780,False
78790,True
78830,False
78850,True
78860,False
78870,False
78880,True
78930,True
78960,False
78970,True
78980,True
79010,False
79020,False
79060,True
79080,False
79110,True
79120,True
79140,True
79150,True
79160,True
79170,True
79180,False
79190,True
79210,True
79270,True
79280,False
79310,True
79320,False
79360,True
79370,True
79380,False
79390,False
79420,True
79430,True
79440,True
79460,False
79470,True
79490,True
79510,True
79520,True
79530,False
79550,True
79560,True
79570,False
79620,True
79630,True
79650,True
79660,True
79700,True
79710,True
79720,True
79740,True
79750,True
79760,True
79790,True
79800,False
79810,True
79830,False
79840,True
79850,False
79860,False
79870,True
79880,True
79890,True
79900,True
79910,True
79920,False
79940,True
79950,True
79970,False
80010,True
80020,True
80050,True
80060,True
80070,True
80080,True
80110,True
80120,True
80130,True
80140,True
80150,True
80160,True
80180,True
80200,True
80220,True
80230,True
80250,False
80290,True
80300,True
80310,True
80320,True
80350,True
80370,True
80390,True
80400,False
80410,True
80430,True
80450,False
80460,True
80500,True
80510,True
80520,True
80530,True
80560,True
80570,True
80580,True
80590,True
80600,True
80610,True
80650,True
80660,True
80700,True
80740,True
80750,True
80760,True
80770,True
80780,True
80790,True
80810,False
80840,True
80850,False
80860,True
80880,True
80890,True
80910,True
80930,True
80950,True
80970,True
80980,True
81010,True
81030,True
81040,False
81050,False
81070,True
81110,True
81130,True
81150,True
81170,True
81180,True
81190,False
81230,False
81250,True
81270,True
81290,True
81300,True
81310,True
81320,True
81330,True
81350,False
81360,True
81370,True
81380,False
81390,True
81410,True
81420,True
81430,False
81440,False
81470,False
81500,True
81510,True
81520,False
81530,True
81540,True
81570,True
81580,True
81590,True
81600,True
81630,True
81650,True
81660,False
81670,True
81730,True
81740,True
81790,True
81810,False
81850,True
81940,True
81980,False
82000,True
82020,True
82030,True
82070,False
82140,True
82170,True
82180,True
82190,True
82250,False
82260,False
82270,True
82300,True
82330,True
82370,True
82420,True
82440,True
82470,False
82520,True
82530,True
82540,True
82550,True
82600,True
82670,True
82730,True
82750,True
82760,True
82780,True
82810,True
82820,True
82830,False
82850,True
82910,True
83010,False
83030,True
83040,True
83060,True
83080,True
83090,True
83160,True
83310,True
83340,True
83360,True
83370,True
83380,True
83410,True
83430,True
83440,True
83450,True
83460,True
83490,True
83540,True
83580,True
83590,True
83600,True
83610,True
83620,True
83640,True
83650,True
83660,True
83670,True
83680,True
83700,True
83770,True
83810,True
83830,True
83860,True
83870,True
83880,True
83920,True
83930,True
83950,True
83990,True
84100,True
84110,True
84160,True
84180,True
84210,True
84240,True
84250,True
84390,True
84730,True
85080,True
85110,True
85180,False
85220,True
85240,True
85370,True
85410,True
85420,True
85440,True
85500,True
85510,True
85580,True
85620,True
85630,True
85660,True
85700,True
85720,True
85840,True
85850,True
85910,True
85930,True
85950,True
85960,True
86000,True
86010,True
86040,True
86090,True
86130,True
86140,True
86160,True
86170,True
86220,True
86240,True
86280,True
86300,True
86970,True
86980,True
86990,True
87000,False
87040,True
87050,True
87060,True
87070,True
87080,True
87130,True
87140,True
87150,True
87250,True
87290,True
87370,False
87390,True
87420,True
87460,False
87470,False
87500,True
87660,True
87690,True
87710,True
87720,False
87830,False
87890,True
87930,True
87950,True
87980,False
88010,True
88020,True
88030,True
88040,True
88180,True
88300,True
88350,True
88360,False
88410,True
88440,True
88480,True
88500,True
88600,True
88640,False
88690,True
88710,True
88760,True
88770,True
88810,True
88870,True
88910,False
88920,True
88940,True
88970,True
88980,False
89040,True
89080,True
89120,True
89140,True
89170,True
89180,False
89190,True
89200,True
89230,True
89270,True
89280,True
89290,False
89310,True
89340,True
89350,True
89380,False
89440,False
89450,False
89460,False
89510,True
89520,True
89530,True
89540,True
89550,True
89560,True
89570,True
89580,True
89600,True
89610,True
89630,True
89640,True
89660,True
89670,True
89680,True
89720,True
89750,True
89760,True
89770,True
89790,False
89840,True
89850,True
89860,True
89870,True
89950,False
89960,True
89990,True
90010,True
90030,True
90050,True
90060,True
90070,True
90080,True
90090,True
90100,True
90120,False
90200,True
90210,True
90220,True
90230,True
90240,True
90250,True
90280,True
90290,False
90310,True
90330,True
90340,False
90360,False
90370,True
90390,True
90410,True
90420,True
90440,True
90450,True
90460,True
90480,True
90490,False
90510,False
90520,True
90570,False
90590,True
90630,False
90640,True
90650,True
90680,True
90690,True
90720,True
90730,False
90740,True
90750,True
90760,True
90810,True
90820,False
90830,True
90870,False
90900,True
91010,True
91040,True
91070,True
91100,True
91150,False
91190,True
91270,False
91300,True
91420,True
91430,True
91450,True
91470,True
91580,True
91590,False
91600,True
91620,False
91630,False
91650,False
91660,False
91680,False
91710,False
91730,False
91930,False
92010,True
92015,False
92020,True
92025,False
92040,False
92060,False
92110,False
92120,False
92130,False
92140,False
92150,False
92160,True
92180,True
92190,True
92200,False
92210,False
92230,False
92250,False
92270,True
92290,True
92330,True
92350,False
92360,False
92370,False
92380,False
92400,False
92410,False
92420,False
92440,False
92450,False
92460,False
92470,True
92480,False
92490,False
92500,False
92510,False
92520,False
92530,False
92540,False
92560,False
92570,False
92580,False
92590,False
92620,True
92640,True
92650,False
92670,True
92680,True
92700,True
92710,False
92720,False
92730,True
92740,True
92780,True
92790,True
92820,False
92840,False
92850,False
92860,True
93010,True
93020,True
93030,True
93040,True
93050,True
93060,True
93070,True
93080,True
93100,True
93110,False
93120,True
93130,False
93190,True
93220,False
93240,True
93250,False
93260,False
93270,False
93300,False
93310,False
93320,True
93360,True
93370,False
93390,False
93400,False
93410,False
93420,False
93430,False
93440,False
93450,False
93460,False
93470,True
93480,False
93510,True
93530,False
93550,False
93600,False
93610,False
93620,False
93630,False
93640,True
93650,False
93660,True
93670,False
93680,True
93690,True
93760,True
93800,True
93810,False
93850,True
93990,False
94010,True
94040,True
94050,True
94090,True
94120,True
94130,True
94140,True
94160,True
94170,True
94180,True
94190,True
94210,False
94230,True
94240,True
94250,False
94280,True
94320,True
94330,True
94340,True
94345,False
94346,False
94350,True
94360,True
94380,True
94390,True
94410,True
94440,False
94450,True
94460,False
94490,True
94500,True
94660,True
94670,True
94680,True
94700,True
94740,True
94750,True
94760,False
94780,False
95010,True
95020,True
95030,True
95040,True
95050,True
95060,True
95070,True
95080,True
95090,True
95110,True
95130,True
95140,False
95170,True
95190,True
95310,True
95320,True
95330,True
95340,True
95350,True
95360,True
95370,False
95390,True
95430,True
95510,True
95520,True
95530,True
95540,False
95560,False
95570,False
95580,False
95600,True
95610,False
95620,False
95630,False
95640,False
95650,False
96010,True
96020,True
96030,True
96050,True
96100,True
96120,False
96160,True
96190,True
96210,True
96220,True
96250,False
96270,True
96280,True
96290,False
96320,False
96330,True
96350,False
96360,False
96390,False
96400,False
96440,True
96470,False
96510,True
96560,True
96580,False
96610,False
96630,True
96720,True
96780,True
96820,True
96840,True
96850,False
96860,False
96870,True
96920,True
96970,True
96980,False
96990,True
97010,False
97020,True
97040,False
97060,True
97080,True
97090,True
97130,True
97150,True
97160,True
97200,False
97220,True
97230,False
97260,False
97290,True
97310,False
97330,False
97350,True
97390,False
97400,True
97420,True
97430,True
97440,True
97460,True
97530,False
97550,True
97570,True
97590,True
97600,True
97610,False
97630,True
97650,True
97660,True
97670,False
97680,False
97690,False
97780,False
97800,False
97820,False
97880,True
97900,True
97910,False
97930,True
97950,True
97990,False
98120,False
98160,False
98180,True
98200,False
98230,False
98240,True
98270,False
98280,True
98300,True
98310,True
98320,True
98350,True
98370,True
98420,True
98430,True
98450,False
98460,False
98500,True
98530,False
98540,True
98560,True
98570,True
98610,True
98690,True
98720,True
98760,False
98780,False
98800,False
98820,True
98850,True
98870,True
98880,False
98890,True
98900,False
98950,False
98960,True
99000,True
99020,True
99030,True
99040,False
99060,False
99080,False
99130,True
99140,False
99280,True
99290,False
99300,True
99320,True
99340,True
99360,True
99410,False
99460,True
99480,True
99500,False
99550,False
99560,True
99590,True
99600,True
99620,True
99690,True
99720,True
99730,False
99740,True
99780,False
99790,True
99800,True
99820,True
99830,True
99840,True
99860,False
99870,True
99890,True
99900,True
99910,True
99930,False
99940,True
99960,True
99970,True
